return_id,user_id,return_date,returned_order_id,returned_food_id,returned_drink_id,return_quantity
1,1,2024-01-06 06:04:35,364,1,3,2
1,3,2024-04-13 14:32:49,59,13,8,3
2,3,2024-04-18 17:10:20,386,5,2,6
1,4,2023-11-29 23:37:33,340,1,2,6
2,4,2024-04-21 23:30:10,34,9,6,9
3,4,2024-06-22 04:27:32,20,10,3,1
1,5,2024-06-19 20:16:41,265,5,5,5
1,7,2023-09-06 22:06:02,102,7,4,10
2,7,2024-04-19 01:15:45,164,7,7,3
1,8,2024-04-23 05:40:01,460,9,4,1
2,8,2024-01-23 07:45:32,332,10,4,4
3,8,2023-12-03 21:25:43,127,14,2,6
1,9,2024-02-29 11:18:01,99,1,11,10
1,10,2023-11-30 08:25:14,287,4,6,6
1,11,2023-12-17 04:02:59,486,10,5,1
2,11,2023-11-24 22:35:53,24,9,1,5
1,12,2023-09-22 12:49:39,407,14,1,9
1,13,2023-11-19 12:56:33,116,3,10,6
2,13,2024-06-30 07:54:46,49,7,12,3
3,13,2023-09-13 10:33:05,224,5,6,1
1,14,2023-10-17 04:09:27,394,11,7,2
1,15,2024-06-08 22:53:34,255,14,6,2
2,15,2023-08-28 02:16:15,278,9,11,9
1,17,2024-01-19 10:14:55,302,7,7,8
2,17,2023-09-20 05:30:54,392,5,6,4
1,18,2024-03-23 00:16:38,427,14,2,9
2,18,2024-01-20 07:12:01,191,1,10,7
3,18,2023-08-23 04:48:40,435,5,9,7
1,19,2023-09-11 13:51:55,131,2,5,8
2,19,2024-01-31 06:27:35,469,6,2,4
1,20,2024-06-07 18:43:32,96,1,9,9
2,20,2023-12-24 04:31:38,250,8,9,6
1,21,2024-06-14 23:49:29,94,7,6,7
2,21,2023-09-20 07:10:24,163,6,10,7
1,22,2023-09-29 19:49:18,215,13,8,1
1,23,2024-02-22 09:48:51,109,9,11,3
1,26,2024-03-24 10:58:08,119,13,3,8
2,26,2023-12-20 06:53:53,115,8,1,4
1,27,2024-05-07 11:51:43,422,7,13,1
2,27,2024-06-15 04:32:34,3,5,7,6
1,28,2024-06-06 22:58:16,263,6,2,4
2,28,2023-08-13 22:15:38,340,14,4,7
3,28,2023-11-10 15:13:58,277,8,3,10
1,29,2024-05-09 22:26:31,131,11,3,8
1,30,2024-01-17 12:56:27,33,2,3,10
1,31,2024-05-08 08:10:44,245,6,14,8
2,31,2024-03-13 15:46:54,132,8,2,4
1,32,2023-10-16 08:52:38,488,9,5,3
1,33,2024-06-16 16:38:21,296,2,2,5
2,33,2023-12-16 15:46:28,411,11,8,6
3,33,2024-02-06 21:56:41,284,11,3,6
1,34,2023-10-22 14:14:23,27,7,13,7
1,37,2023-12-30 01:32:39,191,5,10,2
1,38,2024-06-02 22:08:28,281,3,14,2
2,38,2023-09-27 02:36:47,259,6,5,3
1,39,2024-01-22 22:18:11,121,4,1,7
1,40,2023-09-29 11:32:30,234,3,12,7
2,40,2023-07-18 15:22:01,12,13,13,7
1,41,2024-03-29 17:19:58,357,12,10,5
1,43,2024-04-28 07:50:26,98,10,11,3
2,43,2024-02-25 02:55:04,207,8,1,4
3,43,2023-12-15 15:08:15,119,10,9,5
1,45,2024-06-17 13:29:36,21,6,14,8
2,45,2024-03-18 05:01:48,227,5,6,9
3,45,2023-10-23 09:08:34,373,8,2,2
1,46,2024-01-03 00:42:18,489,12,7,6
1,47,2023-08-17 10:26:18,488,12,9,5
1,48,2024-06-14 20:53:41,404,7,7,10
1,49,2024-01-09 09:47:11,455,1,9,2
2,49,2024-04-14 22:35:49,500,5,14,8
1,50,2023-10-15 13:57:29,266,1,3,10
2,50,2024-05-23 01:31:49,62,14,10,5
3,50,2024-06-10 05:01:39,9,11,14,2
1,51,2023-07-31 04:52:54,124,6,14,5
2,51,2024-01-14 03:06:31,88,8,11,10
3,51,2024-07-02 08:04:32,404,10,2,7
1,52,2024-03-11 21:05:36,239,1,2,10
2,52,2024-01-01 04:03:36,123,13,3,1
1,53,2023-09-27 04:20:39,494,13,3,7
2,53,2024-03-26 08:31:06,450,3,6,10
1,55,2024-05-21 06:22:36,185,5,9,9
2,55,2024-04-14 12:43:16,339,8,5,4
1,56,2023-09-22 17:02:15,329,13,14,6
2,56,2023-07-24 07:35:59,445,10,4,7
3,56,2023-07-11 13:50:37,113,4,13,2
1,57,2024-03-14 05:07:07,494,9,5,9
2,57,2023-08-31 16:31:03,116,11,11,1
3,57,2023-12-03 10:35:45,339,12,9,4
1,58,2024-01-08 11:51:20,404,9,14,4
2,58,2024-07-09 21:11:48,468,4,11,4
3,58,2023-10-24 09:01:27,455,6,4,3
1,59,2024-05-11 07:51:05,496,2,4,7
1,60,2023-12-26 16:36:38,233,4,7,5
1,61,2023-11-26 23:35:59,337,6,8,7
2,61,2024-03-10 10:51:33,204,13,8,1
3,61,2024-02-27 18:44:28,116,11,11,1
1,62,2024-04-15 06:46:16,274,12,4,8
2,62,2023-10-28 02:52:54,233,11,9,9
1,63,2023-08-30 02:39:01,285,9,4,6
1,65,2024-02-28 01:42:21,238,2,13,8
1,66,2024-02-27 08:07:13,429,6,7,9
2,66,2023-11-28 22:17:38,142,6,10,3
3,66,2024-06-17 13:49:44,339,3,4,9
1,67,2024-01-08 23:33:25,51,2,12,10
2,67,2023-11-02 09:54:28,369,7,3,4
1,68,2024-05-01 04:17:28,83,7,4,2
2,68,2024-05-05 01:11:51,273,3,13,4
1,69,2024-05-17 21:52:26,178,13,7,10
2,69,2023-09-13 13:38:55,341,6,7,1
1,70,2023-10-30 18:00:08,130,6,14,9
2,70,2024-03-17 21:17:31,262,7,12,5
1,71,2024-06-03 17:59:15,321,11,10,1
2,71,2024-06-01 02:07:30,487,6,13,8
1,73,2023-09-04 01:19:20,383,12,2,10
1,74,2024-03-13 08:58:31,124,1,1,2
2,74,2023-10-23 05:51:05,449,11,12,8
3,74,2024-02-08 08:17:14,29,5,12,3
1,75,2023-08-16 01:43:47,264,11,8,8
1,76,2023-12-16 10:01:12,259,7,14,3
2,76,2023-09-10 21:26:28,81,6,6,3
1,77,2023-11-14 11:48:40,67,13,13,7
2,77,2023-12-26 11:27:02,165,6,8,4
1,78,2023-08-28 20:00:25,433,11,13,9
2,78,2023-08-10 01:34:25,309,10,12,4
1,80,2024-05-01 11:50:37,362,11,2,4
2,80,2023-12-13 01:10:18,46,2,2,1
1,81,2024-02-14 12:50:22,159,11,1,9
1,82,2024-07-03 09:41:17,342,6,8,1
2,82,2023-09-13 21:13:10,307,8,2,1
3,82,2023-12-20 11:11:55,403,14,5,8
1,85,2024-05-24 17:53:17,277,8,6,5
1,86,2023-12-11 12:20:12,343,1,5,7
1,87,2023-11-09 09:23:57,322,12,10,3
2,87,2023-11-15 12:37:13,377,10,9,10
1,88,2024-05-14 14:32:59,249,3,14,6
1,89,2023-12-08 17:50:06,267,1,1,1
1,90,2024-04-15 15:08:14,491,4,5,6
2,90,2024-01-04 19:11:40,13,5,11,10
1,91,2023-11-23 06:59:23,371,14,3,2
2,91,2023-12-29 11:19:26,137,8,2,10
1,93,2023-08-13 11:54:40,441,3,8,10
1,95,2023-12-21 22:08:17,490,14,3,3
1,96,2024-01-05 01:35:37,36,6,9,4
1,97,2024-05-14 09:08:38,118,6,13,2
2,97,2024-06-11 10:22:05,405,11,13,2
1,98,2023-11-21 16:05:14,35,5,3,1
2,98,2024-03-14 06:15:59,36,11,2,1
3,98,2024-06-02 20:40:30,98,4,13,7
1,99,2023-10-19 18:41:13,173,13,4,4
2,99,2023-09-18 19:21:11,479,13,9,7
1,100,2023-10-22 12:29:02,55,12,10,9
2,100,2023-09-11 06:48:50,170,10,4,9
1,101,2024-01-02 00:25:53,430,8,9,6
2,101,2023-11-20 17:50:17,133,14,12,1
3,101,2024-06-20 11:05:12,488,4,13,1
1,102,2024-06-30 05:46:34,183,11,3,10
1,103,2024-03-21 08:34:19,13,11,7,3
2,103,2023-11-20 09:02:43,103,13,4,5
3,103,2024-01-16 10:12:51,283,4,11,6
1,104,2023-07-29 02:07:42,311,3,7,3
2,104,2024-04-20 07:48:28,20,11,4,5
1,105,2024-04-27 07:00:15,376,4,13,8
1,107,2023-09-16 02:47:45,80,13,3,10
2,107,2024-05-18 22:24:10,473,3,9,4
3,107,2024-04-01 07:08:31,20,2,8,5
1,108,2024-02-08 09:24:27,88,11,5,5
2,108,2023-07-29 10:45:32,274,8,12,8
1,109,2024-03-12 02:36:43,200,3,9,5
1,110,2023-12-28 17:35:55,133,11,11,1
2,110,2023-10-12 00:35:28,416,11,11,2
3,110,2023-08-19 22:55:47,118,1,10,10
1,111,2024-05-03 05:08:13,125,5,12,1
2,111,2023-08-03 08:29:59,416,5,6,7
1,112,2023-09-08 01:29:29,334,6,6,4
1,114,2023-10-01 22:02:10,98,13,3,7
2,114,2024-04-29 18:26:37,100,11,4,1
3,114,2023-09-20 11:45:25,191,5,13,2
1,115,2024-03-27 23:58:35,95,9,8,1
2,115,2024-04-07 11:15:44,475,3,11,2
3,115,2023-10-23 04:44:42,47,6,10,3
1,116,2024-02-10 04:41:21,178,14,12,9
2,116,2024-03-26 12:10:17,48,7,7,3
3,116,2024-03-17 11:54:27,313,11,3,2
1,118,2024-05-29 03:12:20,434,11,4,7
2,118,2024-01-03 23:27:20,345,9,5,7
1,120,2024-05-21 05:46:46,379,2,12,6
2,120,2023-10-11 00:49:13,170,9,11,3
3,120,2024-05-24 18:57:52,419,14,6,10
1,121,2024-01-21 00:24:29,268,10,14,5
1,122,2023-08-28 23:58:05,67,7,4,5
2,122,2023-11-14 13:07:57,372,13,7,8
3,122,2023-08-01 06:10:21,104,5,12,4
1,124,2024-04-22 09:01:26,70,13,8,6
1,125,2023-09-19 05:41:23,180,8,14,3
1,126,2024-04-01 14:41:15,10,4,6,7
1,127,2024-04-27 03:44:44,439,5,12,7
2,127,2023-08-19 19:32:26,390,9,10,1
1,128,2024-01-29 09:23:20,259,12,8,9
1,130,2023-11-09 10:00:45,360,8,11,2
1,131,2023-10-08 15:57:57,270,3,14,1
1,133,2024-04-28 09:37:47,214,8,6,9
2,133,2024-04-15 16:01:18,343,13,13,1
3,133,2023-10-25 16:28:53,105,5,8,8
1,134,2024-06-08 03:23:46,82,9,10,10
2,134,2023-12-18 04:11:23,117,9,9,9
1,135,2024-07-04 03:01:30,44,11,9,5
2,135,2023-11-12 20:56:01,368,14,10,10
3,135,2024-07-01 08:19:36,293,1,7,3
1,137,2024-02-06 16:11:15,194,11,1,5
1,138,2023-11-22 03:43:22,292,9,5,3
2,138,2023-11-13 13:00:23,410,4,11,10
3,138,2023-12-19 08:35:41,247,7,9,3
1,141,2023-11-14 14:13:02,315,12,8,10
2,141,2024-02-22 15:05:05,385,6,4,10
1,142,2024-07-04 17:41:50,260,2,10,1
1,143,2024-02-29 14:50:18,283,5,12,2
2,143,2024-06-03 19:00:12,136,5,4,5
3,143,2023-12-21 08:43:23,452,11,10,7
1,144,2023-12-28 14:07:58,65,10,7,7
2,144,2024-04-14 05:40:20,72,2,10,5
3,144,2024-04-11 16:55:04,177,13,3,4
1,145,2023-11-03 17:38:14,162,3,4,10
1,148,2023-10-01 15:27:16,12,12,8,3
2,148,2023-12-16 13:08:18,431,8,6,6
3,148,2023-09-02 09:48:01,249,5,10,10
1,149,2023-10-08 23:31:42,88,2,11,7
2,149,2024-04-29 08:00:46,69,9,14,9
3,149,2023-10-08 04:06:12,242,5,9,7
1,151,2024-01-19 01:53:15,271,8,3,5
1,153,2023-10-02 11:54:42,293,13,8,7
2,153,2024-01-04 11:22:33,395,13,14,4
3,153,2023-11-15 00:46:16,309,3,9,10
1,155,2023-12-11 14:31:03,77,9,13,1
1,156,2023-08-25 13:40:49,483,8,12,6
2,156,2024-04-09 22:02:05,390,6,10,4
1,157,2024-06-24 02:55:51,395,10,10,9
1,160,2023-08-31 20:07:43,30,4,14,2
1,162,2023-09-25 11:24:47,189,7,10,2
1,164,2024-03-24 15:59:58,491,5,14,4
2,164,2023-11-30 23:47:49,414,4,1,3
3,164,2023-08-24 23:13:57,280,12,13,4
1,165,2023-08-27 14:41:05,35,12,6,7
2,165,2024-07-07 23:27:54,144,5,12,6
1,167,2023-09-17 11:31:30,189,1,14,7
1,168,2023-11-23 21:40:27,360,11,7,9
1,169,2024-01-06 19:27:17,453,14,10,6
1,171,2023-07-30 23:40:44,294,11,3,9
2,171,2023-09-29 20:22:32,86,13,5,1
3,171,2024-01-13 15:09:41,309,12,12,9
1,174,2024-01-21 19:41:11,162,10,13,8
2,174,2024-06-27 08:54:55,252,12,7,10
3,174,2024-04-26 18:30:46,404,5,13,7
1,175,2024-02-20 22:38:23,354,6,11,5
2,175,2024-07-09 06:07:20,204,3,1,6
1,176,2024-02-27 20:34:46,139,12,6,7
2,176,2023-10-18 21:51:11,361,9,5,7
1,177,2023-10-10 05:45:30,413,1,7,7
1,178,2024-04-14 01:35:12,203,7,11,5
1,183,2024-05-02 08:00:43,216,11,3,2
2,183,2024-07-08 23:23:12,221,9,13,5
1,185,2023-09-25 08:53:46,25,2,2,3
1,186,2024-04-16 16:04:54,8,4,13,5
1,187,2024-06-11 09:35:15,392,4,11,7
1,188,2024-06-21 20:21:43,452,13,1,8
2,188,2024-01-16 01:44:55,294,12,6,5
1,189,2024-04-14 01:42:25,70,8,12,6
2,189,2024-07-04 03:58:07,5,2,1,7
3,189,2024-04-19 14:50:24,194,11,10,8
1,191,2023-07-15 10:34:17,441,8,13,9
2,191,2023-08-11 17:14:20,168,6,12,10
1,193,2024-04-11 16:43:23,280,12,6,3
1,195,2024-05-30 05:58:42,275,9,14,10
2,195,2023-09-24 22:54:08,16,4,8,1
3,195,2024-07-09 16:16:27,267,10,12,2
1,196,2024-05-09 16:10:42,441,13,6,5
2,196,2023-11-01 15:00:12,51,10,14,1
3,196,2024-01-23 10:45:56,359,1,10,4
1,199,2024-06-10 08:52:58,495,2,13,6
2,199,2024-06-08 23:53:50,215,5,5,6
3,199,2024-03-21 06:25:35,448,9,4,10
1,200,2023-08-29 12:35:35,70,13,6,5
2,200,2024-02-29 12:21:38,458,7,14,7
3,200,2024-04-20 15:39:21,495,1,7,1
1,201,2023-08-10 19:57:14,390,14,4,5
2,201,2024-06-21 17:32:06,109,4,2,8
3,201,2023-08-31 19:43:16,110,4,7,2
1,202,2024-04-07 10:33:07,334,6,6,10
2,202,2023-08-15 13:29:35,238,11,12,10
1,207,2023-11-06 10:02:14,120,14,7,7
1,208,2024-02-05 06:03:44,18,2,1,5
1,209,2023-09-12 10:34:43,13,11,12,10
1,210,2024-04-02 11:48:07,209,8,1,10
2,210,2023-11-19 01:13:42,64,1,13,6
1,211,2024-02-21 13:07:47,270,2,5,4
1,212,2024-04-12 18:51:08,45,8,10,6
2,212,2023-10-31 04:09:05,287,2,5,8
3,212,2023-09-05 06:48:06,155,14,2,9
1,214,2024-01-20 03:08:26,217,11,12,9
2,214,2023-11-13 00:23:46,472,1,14,5
3,214,2023-12-21 10:46:56,36,6,3,1
1,215,2023-08-30 01:02:13,207,13,3,7
1,216,2024-02-03 12:01:31,168,6,8,6
2,216,2024-04-15 18:56:20,91,2,13,7
3,216,2023-11-10 04:48:21,420,11,14,6
1,217,2023-09-18 08:23:42,175,7,8,2
2,217,2024-04-19 11:14:12,220,6,2,3
1,219,2024-06-01 04:30:13,13,7,9,9
2,219,2023-11-21 07:35:05,317,7,10,4
3,219,2024-01-08 00:03:38,122,9,11,2
1,220,2024-06-03 11:36:07,258,2,12,4
1,221,2023-10-22 11:22:06,25,4,12,10
2,221,2023-12-05 15:07:11,322,9,2,10
1,222,2023-11-25 12:38:03,157,5,10,3
2,222,2024-02-24 18:54:08,158,8,6,6
3,222,2024-02-01 02:11:42,124,2,5,10
1,223,2024-02-01 20:08:04,157,13,3,8
2,223,2024-01-23 06:18:33,155,6,2,5
1,224,2023-09-13 05:40:17,274,5,8,6
2,224,2024-01-13 04:48:09,155,9,1,10
1,227,2024-01-03 05:13:46,94,5,9,10
2,227,2023-08-18 20:59:49,20,2,7,6
1,228,2024-07-05 17:36:48,62,12,1,10
2,228,2023-12-18 02:40:24,323,8,7,9
3,228,2024-02-06 23:12:10,466,2,4,8
1,229,2024-01-26 21:15:03,276,14,5,8
2,229,2024-02-08 02:53:07,197,11,12,4
3,229,2024-01-25 09:14:20,349,14,7,6
1,232,2023-10-17 11:03:40,461,10,7,1
1,233,2024-01-08 22:18:29,400,4,14,7
2,233,2024-01-03 16:16:12,208,14,13,9
3,233,2023-08-06 09:09:23,190,12,2,5
1,235,2023-10-07 03:08:15,41,3,9,3
2,235,2023-09-15 02:56:47,323,11,5,4
1,236,2024-03-10 10:02:03,74,4,5,3
2,236,2023-09-14 03:02:17,433,6,6,9
3,236,2023-11-10 07:25:16,157,11,5,6
1,237,2024-03-15 00:00:51,21,5,12,3
2,237,2024-05-14 19:50:42,168,13,1,9
3,237,2023-11-30 18:25:20,137,3,11,7
1,238,2024-06-21 20:44:11,255,8,12,8
1,242,2024-05-09 21:50:01,29,7,5,7
2,242,2024-02-27 21:02:50,380,11,12,1
3,242,2024-02-21 05:12:10,264,9,5,9
1,243,2024-06-29 06:50:38,206,9,2,7
2,243,2023-07-19 00:55:54,275,7,12,6
1,245,2023-08-16 13:27:03,26,4,4,10
2,245,2024-02-17 11:48:36,397,14,7,10
3,245,2023-09-14 04:57:38,275,8,2,6
1,247,2023-12-08 19:30:12,225,2,11,4
1,248,2024-02-28 08:52:12,468,9,8,5
1,249,2023-08-10 10:23:48,497,13,5,9
2,249,2024-04-07 10:22:12,48,5,4,5
1,250,2023-08-28 19:34:18,145,2,13,3
2,250,2023-09-21 17:17:52,111,13,14,10
3,250,2023-12-10 23:01:53,135,14,13,4
1,251,2023-11-26 15:58:03,391,7,11,9
2,251,2023-12-14 03:42:39,294,14,9,4
3,251,2024-04-16 03:43:57,161,3,14,3
1,252,2024-03-27 04:11:32,382,11,1,6
1,253,2023-07-21 16:02:13,259,13,11,6
1,254,2023-09-05 19:07:42,92,9,13,4
2,254,2024-03-18 10:55:09,239,2,2,6
1,255,2024-01-02 10:59:53,108,10,6,6
2,255,2023-08-16 01:04:05,130,8,5,9
3,255,2023-10-01 03:11:36,367,12,11,8
1,256,2024-04-15 00:10:08,362,9,12,9
2,256,2024-05-04 18:19:26,4,11,8,8
3,256,2024-06-30 09:08:10,92,6,8,5
1,257,2023-10-16 16:04:54,73,3,3,5
2,257,2023-07-30 00:34:54,264,2,13,2
1,258,2024-03-26 14:43:40,298,12,2,8
1,259,2024-03-27 10:07:11,16,14,11,10
1,260,2024-06-06 05:22:52,298,7,3,2
2,260,2023-10-19 02:32:00,296,1,8,9
3,260,2024-04-05 12:59:08,51,1,6,8
1,261,2024-05-17 01:01:29,483,3,8,4
1,262,2023-09-18 05:30:47,272,4,10,2
2,262,2024-04-09 03:38:37,316,2,4,4
1,264,2023-10-23 02:12:19,75,5,14,7
2,264,2024-05-27 11:07:46,233,11,7,3
3,264,2023-12-16 07:54:21,289,4,7,2
1,266,2023-09-04 14:02:50,441,9,13,6
1,267,2023-10-25 23:12:03,344,12,1,1
2,267,2023-08-21 18:53:53,260,12,9,7
3,267,2023-10-13 21:10:38,130,6,7,2
1,268,2024-06-23 05:15:51,100,9,14,7
2,268,2024-01-01 11:39:22,36,11,10,5
3,268,2024-01-12 23:07:05,185,2,11,10
1,270,2024-04-21 18:21:05,187,11,5,9
1,271,2024-06-27 01:12:22,179,7,12,5
2,271,2024-04-30 16:47:51,132,13,7,5
1,272,2024-03-29 07:52:15,47,14,2,5
2,272,2024-05-17 04:10:39,414,7,13,7
1,274,2024-01-12 03:10:09,281,1,8,5
2,274,2024-04-13 01:24:43,183,9,14,5
3,274,2024-03-29 17:32:37,97,13,13,7
1,275,2023-12-17 01:26:58,359,4,5,6
2,275,2024-06-19 20:48:48,122,6,11,2
3,275,2024-03-03 03:15:19,69,14,13,2
1,278,2024-04-09 19:17:21,345,1,4,4
1,279,2023-09-01 23:53:46,361,1,3,6
1,280,2024-06-29 00:45:36,53,9,14,1
2,280,2023-09-12 04:21:39,344,1,11,4
3,280,2023-09-12 01:47:52,33,7,8,8
1,281,2023-12-23 01:56:34,363,6,8,6
2,281,2023-08-20 04:29:45,11,12,10,10
1,282,2024-06-02 12:00:32,67,9,7,6
1,284,2023-10-21 00:34:55,377,11,14,5
2,284,2023-08-04 00:06:29,323,2,1,2
1,285,2023-08-22 23:20:11,149,2,2,5
2,285,2024-04-03 10:07:36,63,5,11,10
1,286,2023-09-24 17:27:31,418,4,7,2
2,286,2024-01-12 21:59:04,12,3,14,1
3,286,2024-04-13 19:30:40,192,7,4,3
1,287,2023-07-15 23:59:51,33,4,4,6
2,287,2024-03-09 17:38:52,106,12,11,1
3,287,2024-06-10 14:39:18,328,5,12,9
1,288,2023-08-26 02:18:07,70,6,5,6
2,288,2023-11-24 19:38:14,275,11,3,5
3,288,2023-11-21 05:04:04,440,14,2,4
1,289,2023-10-17 02:48:07,72,14,8,10
1,290,2023-08-30 11:55:11,335,11,13,1
2,290,2023-11-10 21:55:53,170,9,14,1
3,290,2023-09-19 05:15:40,316,13,2,4
1,292,2023-12-09 11:29:06,235,14,12,8
1,295,2024-03-10 16:03:41,83,1,13,5
2,295,2023-11-25 20:06:51,126,7,8,3
1,298,2024-01-31 00:24:02,160,1,12,4
2,298,2024-06-24 04:47:42,218,2,8,10
1,299,2023-07-12 16:23:56,51,3,11,1
1,300,2023-07-29 22:06:05,250,13,9,10
2,300,2024-05-17 03:55:15,230,12,14,7
1,302,2024-03-08 05:07:00,381,3,5,6
2,302,2024-06-04 09:47:21,13,14,14,10
1,303,2023-09-18 08:51:39,306,3,6,9
2,303,2024-04-15 02:10:45,478,5,5,7
1,304,2024-02-05 13:52:14,493,10,12,5
2,304,2023-11-18 17:06:07,97,13,5,4
1,305,2023-10-26 10:20:18,388,1,11,6
2,305,2023-10-27 21:36:30,328,2,4,9
1,306,2024-03-26 14:19:17,190,6,14,8
2,306,2024-07-05 10:42:30,50,2,5,10
1,307,2023-12-03 13:22:09,267,6,8,5
2,307,2023-10-05 23:19:21,439,10,11,10
1,308,2023-12-21 23:51:46,229,14,2,5
1,309,2024-04-16 22:24:18,423,2,8,6
2,309,2024-06-04 15:59:41,363,3,11,4
3,309,2023-09-25 23:26:00,27,1,8,9
1,310,2023-07-30 23:07:34,398,3,12,1
2,310,2023-10-22 04:40:06,393,4,1,7
1,311,2024-01-20 20:24:51,64,2,14,3
2,311,2023-08-17 06:59:11,369,14,9,10
1,312,2023-08-13 22:14:46,21,5,2,4
2,312,2024-05-17 23:44:06,16,13,11,5
3,312,2023-09-28 21:30:49,223,4,14,9
1,313,2024-04-16 02:59:07,444,4,6,7
1,316,2024-05-22 07:45:47,57,14,10,10
1,317,2024-06-29 01:13:26,317,9,4,9
2,317,2023-12-19 17:48:16,317,6,6,4
3,317,2024-06-27 10:56:12,222,7,14,3
1,318,2023-08-23 01:21:40,51,4,6,7
2,318,2023-12-19 02:52:04,260,8,14,7
1,321,2023-12-14 18:38:20,199,10,3,10
1,322,2024-06-06 03:34:56,334,1,14,9
2,322,2024-01-16 19:47:03,147,5,1,8
3,322,2024-03-30 07:20:43,423,11,5,8
1,324,2023-12-21 20:47:47,179,10,9,1
2,324,2023-10-31 07:47:58,15,13,2,4
3,324,2023-11-19 02:06:04,207,11,5,7
1,326,2024-02-05 11:12:08,348,9,9,7
2,326,2023-08-24 03:45:34,232,6,4,10
1,328,2024-04-25 00:16:38,122,2,11,5
2,328,2023-12-16 05:26:06,439,6,13,9
3,328,2023-07-24 07:41:02,412,12,7,1
1,330,2023-11-04 15:30:21,298,6,13,2
2,330,2023-10-01 17:47:23,476,3,2,5
3,330,2023-08-21 21:25:00,369,3,2,1
1,331,2023-07-17 11:56:53,8,14,6,1
2,331,2023-12-15 19:23:34,413,1,1,9
1,332,2023-10-19 09:20:20,224,4,7,2
1,333,2024-04-19 06:18:14,277,14,14,9
1,334,2023-11-23 17:20:33,410,5,5,1
1,335,2024-02-12 02:26:04,205,13,12,1
2,335,2024-04-22 14:42:11,334,11,14,5
1,336,2023-11-12 10:30:29,471,4,4,4
1,337,2023-12-09 08:47:03,197,13,14,10
2,337,2024-05-15 17:06:20,438,2,5,8
3,337,2024-05-03 07:31:52,47,8,2,5
1,338,2024-04-03 18:00:51,358,4,8,5
2,338,2023-10-29 22:45:38,465,13,9,8
3,338,2024-06-23 13:23:16,245,10,11,4
1,339,2024-04-08 04:28:47,450,13,4,6
2,339,2023-12-11 15:05:52,211,5,13,6
1,341,2023-11-09 10:34:13,43,13,4,1
2,341,2024-02-16 18:01:59,77,10,6,9
1,343,2024-01-24 02:17:03,332,7,3,6
2,343,2023-10-29 19:26:56,415,4,12,9
3,343,2024-03-01 04:01:52,294,14,7,10
1,344,2024-05-15 11:25:04,91,14,5,1
1,345,2024-05-14 10:20:36,86,5,6,4
2,345,2023-09-08 07:14:44,428,8,13,1
1,346,2024-06-21 00:17:18,179,11,1,7
1,350,2023-11-03 08:49:21,392,5,3,1
2,350,2024-04-09 00:12:53,415,1,11,5
3,350,2024-04-23 07:09:42,138,3,5,9
1,351,2023-08-26 15:44:41,127,11,12,5
2,351,2023-08-27 05:42:25,395,8,8,8
3,351,2024-03-05 15:14:41,68,2,7,3
1,352,2024-07-06 05:30:28,481,6,2,4
1,353,2024-03-29 03:20:44,264,4,3,8
2,353,2023-09-11 21:53:43,62,2,12,4
3,353,2024-01-03 02:54:35,360,8,3,4
1,354,2024-05-08 10:22:21,150,3,7,4
2,354,2024-02-06 23:05:15,42,13,10,5
3,354,2023-11-10 04:20:00,174,2,5,10
1,356,2023-09-11 06:29:01,162,9,9,2
1,357,2023-11-08 12:28:13,123,9,11,6
1,358,2024-06-12 02:42:02,6,9,1,2
2,358,2024-03-02 04:19:17,413,10,8,10
3,358,2023-10-23 18:31:53,499,2,8,10
1,359,2024-05-20 07:23:46,470,1,10,10
2,359,2024-05-11 06:20:17,367,5,3,7
1,360,2024-07-02 11:53:51,74,14,2,6
1,361,2024-03-21 21:29:43,30,10,1,8
2,361,2023-10-03 00:05:47,99,9,5,2
1,363,2024-07-10 03:13:22,489,11,4,9
2,363,2024-03-14 21:00:11,265,13,11,9
3,363,2023-10-20 22:34:52,213,6,5,8
1,364,2024-05-11 11:14:44,253,4,9,4
1,365,2024-03-20 19:21:12,185,10,8,5
1,366,2023-07-19 00:21:42,316,11,6,9
2,366,2024-03-06 16:05:45,250,3,12,10
1,368,2024-05-26 10:07:09,334,7,9,2
2,368,2023-11-17 17:57:04,480,11,2,1
3,368,2024-05-25 12:17:16,302,9,10,2
1,369,2023-11-16 21:10:28,458,11,11,5
1,370,2024-03-22 12:39:51,359,11,6,7
2,370,2023-07-21 07:07:55,388,9,8,6
3,370,2023-11-30 00:59:31,191,3,5,5
1,372,2024-01-24 12:40:43,438,11,11,6
1,373,2024-06-26 12:34:15,360,5,9,4
2,373,2023-10-03 15:03:35,348,8,8,2
3,373,2024-03-19 17:38:18,495,11,11,3
1,374,2023-11-20 18:30:55,368,12,11,1
2,374,2024-04-03 01:17:50,19,12,7,5
1,376,2023-11-12 02:44:26,409,12,3,3
1,377,2024-03-16 19:24:39,496,1,14,7
1,378,2024-03-01 14:31:04,233,3,4,9
1,379,2023-11-17 06:05:52,356,3,6,9
2,379,2023-12-24 00:32:25,73,7,6,6
3,379,2023-12-25 18:19:19,327,4,5,6
1,380,2024-01-28 01:44:25,492,9,12,2
2,380,2024-02-22 13:32:59,84,9,12,9
3,380,2023-10-03 13:14:09,344,13,1,7
1,384,2023-08-12 23:09:00,253,4,8,7
1,385,2024-06-04 02:36:44,444,3,6,9
2,385,2024-05-09 07:57:04,444,13,11,2
1,387,2023-11-23 03:54:58,333,14,14,8
1,388,2024-04-21 14:49:07,493,9,12,4
1,390,2023-07-12 15:12:56,363,2,14,8
1,391,2023-10-10 21:59:11,170,11,9,5
2,391,2024-03-25 13:46:15,131,8,12,5
3,391,2024-01-19 01:35:08,141,13,11,6
1,392,2023-08-05 07:39:38,475,6,10,10
1,393,2024-03-13 14:52:05,364,11,5,6
2,393,2024-04-03 11:49:31,421,12,7,7
3,393,2024-06-11 23:21:46,163,12,12,2
1,394,2024-06-17 00:38:47,110,4,9,5
2,394,2023-10-08 11:23:39,194,11,13,3
3,394,2024-02-06 09:53:05,146,7,3,6
1,397,2024-01-18 10:14:48,132,9,14,6
1,399,2023-09-30 17:57:34,103,11,14,4
1,400,2023-12-17 04:06:59,407,1,1,5
1,401,2024-02-16 03:26:22,355,11,5,4
2,401,2023-08-03 12:46:16,198,3,11,9
1,402,2023-11-06 14:22:16,460,5,3,5
1,405,2023-10-23 03:30:36,182,12,1,9
2,405,2023-10-08 15:47:01,234,2,11,7
1,407,2023-12-07 22:38:19,235,11,2,5
1,408,2024-01-21 23:35:29,287,13,10,8
1,409,2024-03-27 21:01:41,499,14,6,2
2,409,2023-08-29 22:33:00,496,8,6,8
3,409,2024-05-21 19:30:59,321,14,10,2
1,410,2024-02-19 02:48:26,491,6,12,8
2,410,2024-06-07 14:30:23,382,2,7,7
3,410,2024-07-02 21:25:49,386,7,3,2
1,411,2024-02-20 09:50:28,166,9,3,7
2,411,2024-01-25 23:36:15,368,11,10,6
1,413,2024-06-12 11:33:06,434,13,12,7
1,416,2023-12-09 11:47:01,365,7,7,9
1,417,2023-07-13 17:12:41,263,9,13,7
2,417,2024-05-30 11:25:29,306,4,13,5
3,417,2023-08-09 15:56:51,171,1,8,3
1,418,2024-01-02 11:32:15,208,11,5,8
1,420,2024-07-05 13:37:45,133,8,10,5
2,420,2024-06-12 04:53:01,177,5,5,4
3,420,2024-03-19 11:43:40,202,1,4,8
1,421,2024-02-28 18:23:57,123,9,13,8
2,421,2023-08-12 16:56:16,29,4,10,5
3,421,2023-09-23 10:02:01,441,11,1,1
1,423,2024-01-11 00:05:32,12,7,6,5
2,423,2023-08-14 06:28:08,324,6,8,2
3,423,2024-01-02 22:54:52,385,11,13,6
1,424,2024-01-01 14:17:24,171,6,2,8
2,424,2024-05-13 16:09:03,279,4,3,3
1,425,2024-06-03 12:42:49,382,8,14,1
1,426,2024-03-20 19:20:36,132,10,6,6
2,426,2023-09-30 23:43:29,218,8,4,5
3,426,2024-06-21 18:11:56,404,14,11,9
1,427,2023-10-28 12:30:51,40,11,5,6
2,427,2023-10-04 08:51:06,75,2,9,3
3,427,2024-04-04 09:15:31,499,10,4,5
1,428,2023-08-19 23:03:05,78,10,5,9
2,428,2024-06-16 18:18:19,446,2,13,7
1,429,2023-10-18 07:20:50,106,14,2,7
2,429,2023-07-27 17:32:58,201,7,2,9
1,430,2024-06-07 12:52:41,232,9,7,4
2,430,2023-11-08 15:33:02,52,12,13,6
1,431,2023-10-20 20:46:38,198,4,4,6
1,432,2024-01-09 11:07:45,110,12,6,3
2,432,2023-11-21 02:05:37,230,14,10,4
1,433,2024-02-16 05:12:08,248,1,6,5
1,436,2024-02-21 03:22:54,102,12,1,3
2,436,2023-10-19 09:32:18,218,8,5,8
1,437,2024-05-12 12:59:05,260,13,3,2
2,437,2023-07-14 09:57:35,237,1,11,2
1,438,2024-03-24 04:50:47,390,5,12,7
2,438,2023-11-20 11:52:39,148,5,4,9
3,438,2024-01-09 15:01:40,275,1,1,10
1,439,2024-06-21 02:58:08,66,10,4,8
2,439,2024-03-27 12:39:14,416,2,5,7
3,439,2024-06-07 20:01:58,251,8,1,8
1,442,2024-04-11 08:06:17,347,1,14,7
1,444,2024-05-29 04:44:19,170,10,4,9
1,445,2023-10-14 22:38:00,241,10,12,8
2,445,2024-01-16 08:36:29,50,11,11,5
3,445,2023-10-20 03:10:58,454,10,13,4
1,446,2023-12-17 00:12:49,335,11,4,1
1,448,2023-11-19 13:35:50,456,1,10,5
2,448,2024-01-18 17:07:44,280,2,14,10
1,449,2024-04-11 06:14:06,287,7,13,6
1,450,2023-07-30 20:10:12,357,5,9,5
2,450,2023-10-24 22:16:08,50,14,10,7
3,450,2024-02-05 23:23:40,428,10,9,7
1,451,2024-02-17 22:12:16,431,8,6,4
2,451,2024-04-22 13:07:13,224,3,2,6
1,452,2023-07-13 07:15:26,263,3,12,4
1,453,2024-02-29 15:46:02,287,4,2,4
1,454,2023-12-21 00:41:37,6,7,3,5
1,456,2024-06-14 07:06:42,187,5,5,4
2,456,2023-12-05 05:13:30,129,11,14,8
3,456,2024-05-27 19:04:57,251,9,5,3
1,458,2023-12-25 18:57:46,137,13,11,2
2,458,2023-11-12 04:40:36,448,7,9,3
3,458,2024-05-27 06:48:31,477,2,6,1
1,459,2024-06-14 05:15:58,343,6,11,1
2,459,2023-10-08 07:11:22,305,9,4,7
1,460,2023-10-10 22:33:25,219,13,14,2
1,461,2024-01-05 01:09:00,306,9,8,9
2,461,2024-04-04 10:07:09,411,6,5,3
1,462,2023-09-11 07:15:05,74,9,12,2
2,462,2024-01-10 11:52:07,168,14,1,8
3,462,2024-06-07 03:48:37,357,9,13,3
1,463,2024-01-31 21:35:33,438,7,9,4
1,466,2023-12-13 19:05:02,312,1,14,6
2,466,2024-02-21 15:01:12,243,5,3,5
1,467,2023-10-07 05:59:05,343,9,10,1
1,469,2023-08-28 18:06:00,345,9,12,5
2,469,2024-03-05 00:10:19,427,2,3,10
1,471,2023-10-28 23:02:46,175,1,10,1
1,472,2024-01-29 18:06:09,5,12,6,9
2,472,2023-11-26 22:15:57,394,3,10,6
3,472,2023-11-30 14:19:30,345,3,1,2
1,473,2024-02-23 17:53:02,341,7,14,2
2,473,2024-01-17 09:43:06,325,7,13,7
1,474,2023-07-21 11:18:41,87,5,6,4
2,474,2023-07-22 03:43:57,255,8,13,1
1,475,2023-12-11 13:58:56,137,7,6,7
1,476,2024-06-13 04:21:46,344,13,3,6
2,476,2024-04-30 23:46:31,61,10,9,6
1,477,2023-11-21 01:40:01,322,8,5,10
2,477,2024-06-27 15:54:49,141,4,14,8
1,479,2024-03-23 15:11:38,445,6,3,7
2,479,2024-04-09 06:15:41,60,11,14,5
3,479,2023-10-18 02:31:38,337,11,3,9
1,481,2023-09-08 11:37:35,56,12,7,3
2,481,2023-10-26 02:56:18,155,14,1,1
3,481,2023-07-20 05:36:43,425,3,12,6
1,482,2023-12-27 02:19:18,463,10,3,3
2,482,2024-02-10 18:07:16,79,7,3,3
3,482,2023-10-27 07:01:47,220,8,8,5
1,483,2023-11-16 08:36:23,179,2,6,1
1,484,2023-09-11 06:23:48,59,13,6,4
2,484,2024-05-22 21:31:12,236,5,5,6
1,485,2024-04-18 03:34:52,415,12,2,1
1,486,2024-05-23 23:31:18,468,4,2,4
1,487,2023-11-20 20:12:30,183,7,14,10
2,487,2024-02-05 06:52:34,181,13,3,9
1,488,2023-08-16 15:25:14,425,7,3,8
2,488,2024-05-10 05:32:41,47,6,6,1
3,488,2023-09-24 23:03:03,40,10,14,1
1,489,2024-06-28 20:04:56,233,11,5,3
2,489,2023-08-24 05:16:58,215,14,13,8
1,490,2023-09-18 22:34:05,135,5,5,10
1,492,2023-08-30 22:05:49,437,12,12,7
2,492,2024-04-04 08:26:32,7,5,4,10
3,492,2023-09-20 18:49:27,79,12,5,3
1,493,2024-05-22 01:41:09,275,9,13,8
2,493,2024-01-01 19:05:44,28,1,2,5
1,494,2024-06-15 13:34:19,15,14,6,5
2,494,2024-01-27 20:10:00,317,2,11,8
1,495,2023-09-02 02:33:56,121,6,12,9
2,495,2023-10-19 05:51:40,364,4,3,6
3,495,2023-12-27 13:57:38,332,5,5,10
1,496,2024-04-16 02:41:34,264,2,2,6
2,496,2024-01-13 06:02:38,322,13,14,5
1,497,2023-09-21 13:06:44,476,11,6,10
1,498,2023-10-11 22:23:09,268,11,8,4
2,498,2024-07-07 16:57:04,72,14,10,3
3,498,2024-02-18 17:01:12,480,2,4,4
1,499,2023-12-16 04:27:29,175,9,7,3
2,499,2024-04-24 08:19:20,105,6,7,4
3,499,2024-03-23 01:44:52,231,2,8,3
1,500,2024-06-03 07:16:39,62,8,1,2
2,500,2023-09-01 09:03:20,380,10,9,6
3,500,2023-10-28 01:54:56,282,3,4,5
1,502,2024-03-28 04:29:23,422,10,3,3
2,502,2024-05-17 18:08:04,132,3,7,6
3,502,2023-09-13 12:30:32,408,9,6,2
1,503,2023-08-06 22:36:07,353,1,12,6
1,504,2023-08-26 22:57:06,448,6,14,4
2,504,2023-11-10 17:44:45,4,6,14,6
1,505,2023-08-31 21:15:41,43,10,14,1
1,506,2024-01-29 09:08:38,43,4,10,9
2,506,2023-09-30 06:40:27,298,1,7,8
3,506,2023-10-09 05:13:56,300,2,4,7
1,507,2023-12-15 00:51:45,232,14,13,7
2,507,2023-12-26 07:22:56,94,10,6,5
1,508,2023-08-08 00:42:00,148,8,4,6
1,509,2023-12-20 11:10:11,436,12,2,8
1,511,2024-01-11 20:42:48,45,13,7,2
1,513,2024-05-22 03:47:56,224,4,8,1
2,513,2024-03-28 10:29:33,314,2,6,6
3,513,2023-11-03 14:13:38,250,10,10,5
1,514,2024-01-17 22:17:41,256,12,3,9
1,515,2023-09-13 19:29:57,213,9,12,10
2,515,2024-05-30 17:57:48,106,5,14,4
1,516,2024-01-02 10:32:39,447,1,9,3
1,518,2024-07-04 00:16:20,393,13,12,1
1,520,2023-07-25 09:50:54,232,10,14,9
1,521,2024-06-10 20:40:29,31,2,11,3
1,522,2023-09-17 16:39:48,500,5,9,2
2,522,2024-07-07 08:09:27,238,11,13,5
1,523,2024-03-22 20:09:49,82,11,10,7
1,524,2023-12-01 04:37:17,491,11,7,9
1,526,2024-01-29 07:06:58,425,1,5,10
2,526,2024-01-07 02:40:07,50,13,1,1
1,528,2023-10-25 15:00:34,55,3,5,5
1,529,2024-06-12 16:32:45,449,13,5,10
1,530,2023-09-19 19:04:26,341,2,11,4
1,531,2024-03-02 03:51:27,50,4,8,1
2,531,2024-01-18 19:38:53,481,3,2,10
3,531,2024-06-08 05:47:20,413,6,3,8
1,532,2024-01-13 14:29:53,430,10,3,6
1,533,2023-09-28 08:21:18,118,9,11,1
2,533,2023-11-11 21:18:11,488,8,6,8
3,533,2023-11-03 05:35:58,304,4,5,9
1,534,2023-09-05 23:52:42,474,10,11,4
1,535,2024-03-09 22:39:52,421,10,13,4
2,535,2024-03-10 14:14:37,260,8,11,5
1,536,2023-11-25 01:41:35,186,12,2,1
2,536,2024-05-21 20:57:43,339,11,14,10
3,536,2024-01-09 01:28:43,195,11,5,10
1,538,2024-05-13 09:53:32,386,12,4,3
2,538,2023-08-30 10:22:06,168,11,5,6
1,539,2023-11-24 18:49:39,419,7,7,9
2,539,2023-08-08 12:44:11,368,10,13,7
3,539,2024-02-01 17:32:59,174,1,11,4
1,540,2023-07-16 22:55:40,411,13,8,9
2,540,2024-06-13 15:36:32,218,12,8,8
1,541,2023-07-11 17:04:49,263,9,5,9
2,541,2024-06-24 21:00:26,343,2,6,10
1,542,2024-04-30 03:48:38,346,8,8,6
1,543,2023-10-22 10:27:48,99,5,2,10
2,543,2023-10-31 23:39:17,100,8,12,10
3,543,2023-08-04 15:50:53,93,9,13,8
1,544,2023-08-08 05:33:00,431,9,6,4
2,544,2024-06-14 17:05:26,485,13,9,8
3,544,2023-10-02 17:03:11,277,5,9,3
1,545,2024-05-25 00:53:22,191,14,7,3
2,545,2023-07-22 00:54:56,198,1,14,3
3,545,2024-03-12 23:14:08,196,1,7,7
1,546,2024-05-05 04:42:16,419,4,3,6
1,547,2024-03-03 00:56:08,126,12,12,10
2,547,2023-11-04 00:54:44,121,4,11,2
3,547,2024-06-29 08:39:59,122,4,12,4
1,548,2023-12-04 00:59:54,210,1,5,1
1,549,2024-04-24 17:41:02,151,13,12,4
2,549,2024-04-19 18:28:16,415,6,1,7
1,550,2024-07-07 05:58:37,255,14,3,8
2,550,2024-02-07 14:00:30,155,5,7,4
1,551,2024-03-28 09:12:02,48,1,10,4
1,553,2023-08-17 01:25:34,325,6,11,7
1,554,2023-08-31 13:21:34,451,5,4,3
2,554,2023-11-09 21:10:09,231,11,11,4
1,555,2024-01-05 03:02:10,147,1,11,10
2,555,2024-05-13 14:20:18,287,2,5,10
1,556,2024-03-11 06:54:10,284,9,6,5
1,558,2023-10-29 19:42:08,170,5,9,7
2,558,2023-10-24 22:50:07,206,14,4,5
3,558,2024-02-07 16:52:28,94,11,13,9
1,559,2023-11-10 20:56:34,70,13,5,6
1,560,2024-02-20 03:21:39,199,11,10,8
1,561,2023-11-19 06:58:33,455,12,4,5
2,561,2023-07-23 23:32:47,276,9,8,8
1,562,2023-07-12 15:43:18,97,4,10,9
2,562,2023-07-27 01:56:06,58,9,6,2
1,563,2023-07-21 04:36:18,269,5,9,10
2,563,2024-06-27 05:52:48,50,9,12,1
1,564,2024-01-02 11:10:54,381,13,2,1
2,564,2024-01-06 02:22:54,391,3,5,6
3,564,2024-02-07 01:45:29,458,5,5,1
1,566,2024-02-17 06:06:45,123,2,12,3
2,566,2024-01-07 20:50:38,299,4,13,4
1,567,2024-03-29 11:23:08,172,11,11,1
2,567,2024-04-18 19:17:36,44,10,7,3
1,569,2023-08-17 17:15:03,106,4,2,2
2,569,2024-05-08 11:18:31,470,3,7,6
1,572,2024-02-26 21:41:09,20,9,12,5
1,573,2024-05-22 09:44:55,329,13,2,6
2,573,2024-02-24 15:22:31,163,4,2,3
3,573,2024-01-26 06:36:09,291,14,5,10
1,574,2024-02-05 07:24:10,257,11,2,9
1,576,2024-01-16 20:04:47,262,13,6,10
2,576,2023-11-06 05:03:45,67,6,8,4
3,576,2024-01-08 15:59:20,396,12,9,6
1,577,2024-05-03 10:14:38,371,8,11,9
1,578,2024-05-08 02:05:08,283,9,2,5
2,578,2024-07-10 02:42:03,210,7,11,4
1,579,2023-08-05 03:16:26,57,10,1,8
2,579,2023-12-23 17:49:36,459,8,1,7
3,579,2024-04-10 01:28:43,30,8,10,8
1,580,2024-05-20 08:39:09,358,8,1,8
2,580,2024-06-13 05:52:21,187,11,10,9
1,581,2024-03-28 16:58:36,496,9,11,10
1,582,2023-07-28 02:31:54,244,14,4,5
1,583,2023-08-23 18:38:15,370,12,7,1
1,584,2023-07-13 15:19:29,290,14,11,8
2,584,2024-01-18 19:57:55,99,11,6,7
1,585,2024-05-19 02:42:41,177,12,2,3
2,585,2023-09-14 01:51:35,41,3,11,1
1,586,2024-02-13 11:21:18,17,14,5,6
2,586,2023-08-09 14:43:42,197,8,12,5
3,586,2024-03-10 03:56:02,295,8,13,9
1,587,2024-03-06 13:23:06,368,6,11,2
1,589,2023-09-12 05:00:13,400,7,1,4
1,590,2024-01-04 00:00:37,225,11,4,3
2,590,2024-05-13 18:17:15,201,3,14,9
1,591,2024-03-03 05:14:35,381,13,1,1
2,591,2024-07-08 07:23:42,74,3,11,2
3,591,2024-01-13 18:52:01,220,12,7,4
1,592,2023-10-14 06:01:50,494,1,6,5
1,593,2024-05-07 21:50:39,174,14,2,10
2,593,2023-07-28 08:46:39,151,8,8,1
3,593,2024-03-27 14:56:39,103,7,1,4
1,595,2023-09-26 03:15:44,287,7,4,10
1,596,2023-11-28 19:17:06,307,11,5,8
1,597,2024-01-12 18:12:46,18,1,1,3
2,597,2024-04-21 11:28:21,188,13,10,3
1,598,2023-12-25 23:41:00,64,5,11,9
2,598,2024-04-04 15:39:32,309,6,13,2
3,598,2024-04-25 09:58:10,151,12,2,5
1,599,2023-08-13 04:04:39,142,8,3,6
1,601,2024-03-11 10:23:12,329,8,5,5
1,603,2024-03-17 04:09:03,135,4,9,1
1,604,2024-05-21 11:23:18,41,11,7,10
2,604,2023-08-22 01:02:23,33,11,4,1
1,605,2024-02-14 23:02:02,308,4,3,8
2,605,2023-10-26 19:22:19,174,4,12,10
1,606,2023-07-23 15:48:21,69,2,4,1
1,607,2023-08-15 08:57:59,329,1,1,9
2,607,2023-11-26 08:03:05,496,12,14,5
3,607,2023-11-20 09:08:46,482,8,7,4
1,608,2024-02-29 01:38:04,449,9,2,10
2,608,2024-01-21 19:47:10,137,3,1,3
1,609,2024-03-31 06:04:06,135,7,11,4
2,609,2024-04-12 14:12:22,322,10,7,4
1,610,2023-11-26 14:09:00,312,11,8,3
2,610,2024-02-16 02:21:25,165,9,10,10
3,610,2024-04-08 11:11:08,227,4,13,2
1,611,2024-02-05 10:52:00,13,13,14,8
1,612,2024-04-24 04:53:06,431,10,12,7
2,612,2023-11-20 06:34:09,484,7,9,7
3,612,2024-01-16 23:11:58,207,7,2,1
1,613,2023-10-18 16:56:42,178,10,10,1
2,613,2024-05-24 20:53:44,104,5,9,7
1,614,2024-06-18 17:09:16,424,14,12,2
2,614,2024-03-05 07:45:40,162,11,1,5
1,615,2023-08-03 06:38:16,302,5,1,6
1,616,2023-11-24 23:28:07,305,14,14,4
1,617,2023-12-05 23:18:12,49,11,12,4
2,617,2023-07-14 12:09:30,222,11,2,8
1,618,2024-02-17 15:23:16,353,4,9,10
1,619,2023-12-12 09:25:11,142,2,4,2
2,619,2024-01-05 10:34:15,217,2,6,4
3,619,2023-09-06 16:00:27,463,7,3,7
1,620,2024-01-01 06:50:06,112,4,10,8
2,620,2023-09-09 09:14:37,477,2,11,4
3,620,2023-09-03 19:10:39,442,6,8,3
1,621,2024-01-12 03:32:25,377,6,6,8
2,621,2024-01-19 15:42:06,330,1,12,1
3,621,2023-08-30 21:50:51,227,7,1,8
1,623,2024-05-17 09:19:31,168,7,3,8
2,623,2023-09-26 22:56:41,383,4,8,4
1,625,2024-03-08 11:08:18,339,1,5,4
2,625,2023-12-19 22:40:27,203,4,5,4
3,625,2024-01-29 16:12:16,282,6,11,2
1,626,2023-09-15 22:48:10,12,5,13,6
2,626,2023-12-31 02:17:59,71,2,9,9
3,626,2023-12-28 00:14:46,133,4,3,6
1,629,2023-11-27 20:08:54,453,12,6,9
2,629,2023-11-20 05:00:28,111,12,10,9
1,630,2023-08-06 08:58:26,480,7,2,3
1,631,2024-04-04 02:52:58,152,4,2,4
2,631,2024-05-05 21:51:15,183,13,2,3
3,631,2023-07-23 11:04:41,497,11,1,9
1,632,2024-01-28 20:17:28,138,5,11,7
1,634,2023-08-15 03:07:22,251,10,12,3
2,634,2024-03-26 17:38:51,193,13,6,8
3,634,2023-09-08 02:58:54,450,12,4,7
1,635,2024-04-11 22:16:10,152,11,4,1
1,636,2024-03-07 07:59:10,374,12,6,9
2,636,2023-11-15 00:12:00,26,13,9,5
1,638,2023-09-01 16:46:01,340,5,8,10
1,639,2023-08-20 02:17:30,139,14,13,8
2,639,2024-07-03 04:13:42,88,4,11,8
3,639,2024-06-10 21:47:45,111,6,4,9
1,640,2023-08-29 06:22:35,243,14,1,2
1,641,2023-11-13 14:48:55,81,6,5,7
2,641,2023-08-05 13:14:12,8,11,8,3
3,641,2024-07-09 20:13:59,269,10,13,6
1,642,2023-08-27 21:11:48,338,6,5,7
1,643,2024-05-10 09:10:44,139,13,8,6
2,643,2024-05-29 01:29:32,258,2,10,5
1,644,2023-08-08 09:09:19,298,4,3,1
2,644,2024-05-14 06:31:16,1,12,2,7
3,644,2024-04-17 00:08:23,81,11,7,10
1,645,2024-02-15 12:01:55,399,9,6,8
1,646,2023-08-31 01:05:47,380,6,11,5
2,646,2023-07-31 02:20:16,303,11,12,4
3,646,2023-08-28 08:29:34,104,6,2,4
1,648,2024-04-09 04:15:36,94,9,14,2
2,648,2023-11-03 19:52:32,367,2,8,4
3,648,2024-06-23 17:41:55,113,13,10,7
1,649,2023-12-23 20:12:58,141,2,2,3
2,649,2024-04-02 17:30:17,155,11,7,9
1,650,2023-11-19 12:10:52,374,12,9,4
2,650,2023-11-21 04:21:16,61,10,9,3
3,650,2024-02-16 05:15:06,55,13,5,1
1,651,2023-07-24 02:30:03,136,13,10,2
2,651,2024-06-07 11:28:41,376,5,13,7
1,652,2023-10-21 19:12:43,197,2,4,7
2,652,2023-09-25 20:25:19,221,6,9,4
1,653,2023-12-05 07:00:51,8,1,7,5
2,653,2023-11-12 14:43:06,115,2,6,1
1,654,2023-10-28 20:10:03,434,7,6,8
2,654,2023-12-14 04:30:29,122,13,6,5
1,655,2023-10-10 06:43:39,89,4,11,4
1,656,2024-04-30 17:33:11,147,13,13,2
2,656,2023-07-31 10:59:38,289,8,13,2
1,657,2024-03-06 14:46:50,334,14,11,8
2,657,2024-03-14 20:17:38,164,2,5,9
1,658,2023-07-24 14:36:13,499,2,11,8
1,659,2024-02-28 05:07:25,82,14,14,10
2,659,2024-05-15 00:45:43,53,1,11,10
3,659,2024-02-14 11:50:46,138,12,11,9
1,661,2023-11-05 06:34:40,333,4,3,1
2,661,2024-04-27 14:21:06,217,8,14,5
3,661,2024-05-12 16:49:21,109,2,2,3
1,662,2023-11-28 10:05:56,311,10,11,8
2,662,2024-07-09 14:41:26,444,3,13,6
1,665,2024-03-01 10:43:37,263,9,12,8
1,667,2024-04-15 02:36:28,92,10,9,8
2,667,2024-05-26 22:06:00,189,8,2,1
3,667,2023-11-03 14:48:31,106,2,5,6
1,668,2024-03-10 06:20:07,497,8,9,3
2,668,2023-11-21 06:47:23,253,2,7,8
3,668,2023-09-06 12:21:20,135,13,1,4
1,669,2024-04-09 06:57:30,328,9,3,6
2,669,2024-05-31 03:01:18,192,4,14,6
1,670,2023-12-21 15:19:11,262,10,8,3
1,671,2024-01-04 22:52:45,50,8,1,1
2,671,2024-03-22 15:19:20,38,5,5,2
1,673,2023-10-13 23:05:26,494,6,4,9
2,673,2023-11-05 23:50:54,264,9,5,10
1,674,2023-07-20 05:54:44,191,4,7,2
2,674,2024-06-28 18:57:10,235,13,1,8
3,674,2024-05-07 16:46:24,128,11,2,7
1,675,2024-06-16 07:28:02,153,4,4,10
1,676,2023-11-20 11:52:57,224,2,6,2
1,677,2024-02-19 09:22:17,238,13,11,4
2,677,2024-01-29 02:41:49,8,5,13,1
1,678,2024-02-15 13:20:09,56,11,12,8
1,679,2024-06-23 21:51:32,355,6,12,4
1,680,2024-05-24 18:55:02,117,3,4,2
2,680,2024-07-02 08:58:34,387,3,10,2
1,681,2023-11-24 21:56:43,349,12,5,4
2,681,2024-07-04 03:38:57,147,6,14,8
1,683,2024-03-21 18:00:50,226,14,5,4
2,683,2024-05-26 04:47:05,131,8,12,5
1,684,2023-10-13 07:35:11,26,6,12,9
2,684,2024-06-12 09:04:41,264,12,5,2
1,686,2023-09-10 20:15:36,249,12,1,3
2,686,2024-06-16 21:22:57,302,13,4,3
1,687,2023-10-01 05:30:10,181,9,8,8
2,687,2023-09-18 10:43:53,387,10,10,3
1,689,2024-01-28 16:13:44,105,7,3,3
1,690,2024-02-08 17:40:29,275,8,3,1
2,690,2024-01-31 17:32:34,164,1,9,5
1,693,2024-04-03 08:28:00,13,10,1,6
2,693,2023-07-24 06:17:29,344,9,13,10
1,694,2024-02-12 20:38:27,147,7,8,1
1,696,2024-01-12 07:35:00,225,12,11,9
2,696,2023-12-06 04:25:12,456,7,8,2
3,696,2024-06-12 00:49:52,345,14,14,7
1,697,2023-11-25 17:48:32,66,7,1,6
2,697,2024-04-16 23:56:48,71,7,6,4
3,697,2023-11-20 05:52:56,161,8,6,9
1,698,2024-06-12 13:41:07,498,6,10,2
2,698,2023-09-30 03:48:19,208,10,6,6
3,698,2023-07-26 04:58:34,362,10,1,2
1,699,2023-10-06 08:23:14,477,14,7,8
2,699,2024-03-13 12:17:31,230,1,4,6
3,699,2024-03-01 23:56:44,431,11,3,4
1,700,2023-08-07 12:21:33,305,3,11,4
1,701,2024-05-15 02:55:12,85,13,5,3
1,704,2024-02-17 01:33:38,54,5,5,9
2,704,2024-03-25 12:33:20,80,8,14,7
1,705,2023-09-10 21:58:10,414,4,2,5
2,705,2023-11-21 04:06:08,250,4,11,7
1,706,2023-08-01 03:17:20,119,3,11,4
2,706,2024-01-09 02:28:25,433,5,1,7
1,707,2023-10-12 09:13:30,100,14,3,6
2,707,2024-05-22 19:21:44,452,6,1,2
3,707,2023-07-13 06:27:00,3,8,9,5
1,708,2023-09-12 14:10:49,228,6,10,9
1,709,2023-12-30 15:43:08,412,11,4,6
2,709,2024-05-31 18:13:54,214,6,11,4
3,709,2023-09-29 04:36:49,199,13,11,3
1,711,2023-09-20 11:29:54,257,12,1,6
2,711,2023-10-23 12:56:19,481,8,9,1
3,711,2024-01-16 04:33:14,221,5,6,2
1,712,2024-01-08 12:38:08,444,12,12,1
1,713,2023-12-12 20:19:11,434,6,13,7
1,714,2024-05-14 08:44:16,305,10,9,10
1,715,2024-04-01 03:02:08,137,13,1,4
1,717,2023-08-25 05:29:36,265,10,8,7
1,718,2023-10-24 00:39:45,196,4,6,4
2,718,2024-04-30 06:09:45,290,9,6,8
3,718,2024-03-14 12:44:08,406,6,7,3
1,720,2024-06-01 14:58:12,97,4,8,8
1,721,2023-11-23 06:08:00,168,2,6,6
2,721,2023-09-03 02:52:17,30,9,10,3
3,721,2024-06-13 01:33:31,261,14,13,2
1,723,2023-11-26 11:42:38,1,14,3,4
2,723,2024-04-21 13:39:30,347,10,10,1
3,723,2023-12-27 14:15:05,164,9,8,7
1,725,2024-05-22 22:19:58,152,9,5,4
2,725,2024-02-08 11:50:54,365,10,1,9
1,728,2024-02-18 21:12:36,121,12,12,3
2,728,2024-01-14 16:07:32,83,14,7,1
1,729,2023-09-25 10:15:02,260,2,3,5
2,729,2024-01-09 21:50:04,435,1,9,2
1,730,2023-08-10 17:51:22,149,4,3,4
2,730,2024-01-02 09:01:25,248,10,9,6
3,730,2024-06-20 19:15:30,280,12,4,3
1,731,2023-11-06 09:34:25,106,3,11,3
1,732,2023-08-28 22:38:00,66,8,6,9
1,733,2024-02-26 15:45:49,380,3,6,7
2,733,2024-05-04 02:01:36,273,5,2,10
3,733,2024-06-04 05:47:57,344,13,7,8
1,734,2023-12-15 04:21:57,315,10,14,3
2,734,2024-05-12 13:27:42,439,12,9,9
3,734,2023-11-02 23:06:25,293,9,8,5
1,735,2023-10-22 16:21:19,434,9,9,3
2,735,2024-04-05 04:24:47,319,12,6,5
1,736,2024-04-08 00:21:42,263,13,6,5
2,736,2023-08-11 13:29:55,251,5,7,2
1,737,2024-01-20 16:45:37,293,7,10,9
2,737,2023-10-13 23:18:50,152,9,3,8
1,738,2023-11-30 05:22:40,173,1,5,1
2,738,2023-08-02 12:52:46,276,7,4,3
3,738,2024-05-15 23:22:10,153,2,12,8
1,739,2024-02-22 10:03:52,454,1,11,6
2,739,2023-09-11 01:05:12,397,6,11,1
3,739,2024-01-25 18:54:03,270,1,3,5
1,740,2024-05-26 01:08:20,498,14,10,6
2,740,2024-02-05 14:36:16,179,11,11,2
3,740,2024-05-06 14:39:17,325,1,14,1
1,741,2023-12-06 06:49:59,209,3,13,4
2,741,2023-11-12 19:47:37,166,3,6,3
3,741,2024-04-20 19:23:06,64,14,9,7
1,742,2024-02-21 10:48:41,485,7,14,9
2,742,2024-05-02 13:06:18,128,5,3,8
3,742,2024-07-01 17:40:13,248,12,2,5
1,743,2024-04-12 19:59:23,107,8,8,1
1,744,2023-11-22 08:17:29,478,9,1,5
2,744,2024-06-05 15:13:14,149,12,14,9
3,744,2023-08-19 12:30:43,267,5,14,1
1,745,2024-06-13 03:16:45,79,7,14,9
2,745,2024-03-26 19:17:33,255,10,4,1
3,745,2023-12-13 08:02:47,15,8,12,6
1,749,2023-11-12 11:33:05,46,14,5,4
2,749,2024-06-30 23:59:20,218,8,14,2
3,749,2023-11-29 16:37:36,312,7,1,1
1,751,2023-10-04 21:22:53,188,7,3,8
1,753,2023-07-22 14:49:25,146,13,6,8
1,754,2023-09-17 09:50:04,51,3,8,7
2,754,2024-05-25 18:11:03,226,5,10,4
3,754,2023-10-13 02:56:54,167,3,9,9
1,755,2023-07-30 17:17:36,401,5,12,1
1,756,2023-08-17 02:22:00,284,1,4,10
1,757,2023-10-20 20:55:53,321,2,13,7
2,757,2024-02-12 20:07:54,448,8,11,4
3,757,2023-07-28 22:23:04,301,10,9,5
1,759,2024-02-16 06:48:45,118,4,12,3
2,759,2023-12-21 19:33:21,353,11,13,9
1,760,2023-08-26 07:40:38,87,1,12,9
2,760,2024-01-11 19:44:51,343,6,12,10
3,760,2023-10-29 10:15:21,255,12,7,9
1,762,2023-12-24 06:32:00,483,11,8,7
1,763,2023-08-24 15:11:19,194,13,2,3
2,763,2024-04-13 06:58:10,336,2,4,5
3,763,2024-02-03 12:24:52,138,3,3,7
1,764,2023-11-13 21:33:47,394,9,1,6
1,765,2024-05-02 15:30:57,326,10,2,9
2,765,2024-04-20 21:36:50,485,7,9,4
3,765,2023-12-23 17:45:02,132,13,14,4
1,766,2023-11-27 00:40:49,418,5,9,10
2,766,2024-03-09 01:06:46,472,6,1,2
1,767,2024-02-11 08:18:15,69,3,7,2
2,767,2023-08-27 01:10:11,244,6,7,3
3,767,2024-06-03 06:51:22,344,1,11,8
1,768,2023-11-29 00:49:28,160,11,14,6
1,769,2023-10-06 07:03:39,259,4,14,8
1,770,2024-03-29 14:39:54,452,1,6,4
2,770,2024-06-25 14:17:07,346,9,4,2
3,770,2024-06-06 09:16:09,92,7,6,1
1,771,2023-08-25 02:16:24,30,6,13,2
2,771,2024-02-10 17:23:21,293,7,12,3
1,773,2024-05-06 21:31:54,47,8,3,9
1,774,2023-12-26 04:20:48,430,1,13,8
2,774,2023-09-12 22:18:35,341,7,4,2
3,774,2023-08-28 15:19:53,389,7,4,3
1,775,2024-03-18 18:20:33,358,4,3,2
2,775,2024-02-10 21:19:13,36,7,11,2
3,775,2024-02-15 11:18:53,192,2,1,10
1,777,2023-10-17 06:22:56,411,11,7,7
2,777,2024-03-10 01:45:01,202,6,12,4
3,777,2023-09-04 07:18:17,71,14,3,4
1,778,2023-10-04 13:58:52,425,14,14,4
1,779,2024-02-10 11:12:28,103,6,11,6
2,779,2023-08-01 02:21:24,317,1,5,1
1,780,2024-03-03 01:27:21,322,12,11,8
2,780,2024-06-04 14:30:07,356,10,8,1
1,782,2023-07-17 01:11:23,258,7,14,1
2,782,2023-11-09 01:30:33,264,1,2,5
3,782,2024-01-15 17:16:26,444,12,7,7
1,783,2024-02-10 16:27:13,80,14,8,10
2,783,2024-02-24 01:30:46,19,14,13,9
3,783,2023-07-17 18:50:01,55,9,6,6
1,784,2023-11-21 20:42:56,249,1,12,10
2,784,2023-07-16 11:07:14,376,4,8,1
1,785,2024-05-25 06:57:59,340,9,5,9
2,785,2023-11-02 21:49:47,78,2,2,10
1,786,2024-04-06 23:56:56,474,2,2,8
1,787,2023-10-08 05:25:55,96,13,2,9
1,788,2023-12-29 23:22:56,389,13,8,7
2,788,2023-10-28 19:02:03,38,2,6,2
1,789,2024-01-29 18:59:49,482,12,10,3
2,789,2023-12-06 02:53:23,344,13,12,4
1,790,2024-06-18 12:35:13,245,8,4,2
2,790,2023-11-29 19:13:30,462,3,14,10
1,792,2023-09-15 20:00:03,201,1,8,3
2,792,2024-06-26 05:03:14,305,11,12,9
1,793,2023-08-18 23:02:30,2,14,14,6
2,793,2023-07-18 05:52:25,115,5,7,3
1,795,2023-08-23 03:33:21,124,5,14,4
2,795,2023-12-24 01:15:05,352,9,1,4
1,796,2024-02-12 21:12:36,292,7,6,10
2,796,2023-08-05 16:44:02,126,4,13,9
3,796,2024-03-16 13:38:23,457,6,2,7
1,798,2024-04-18 19:18:52,294,13,1,8
2,798,2023-11-15 20:29:52,379,14,1,10
3,798,2024-04-19 04:35:25,483,12,4,3
1,799,2024-06-07 12:55:53,266,1,5,8
2,799,2023-10-01 04:53:40,35,7,10,7
1,800,2024-02-22 21:46:51,229,2,5,3
2,800,2023-09-28 06:05:57,282,7,5,4
1,802,2023-12-31 20:22:21,451,1,8,1
2,802,2024-04-04 09:17:23,392,6,6,8
1,803,2023-08-19 00:31:04,105,4,9,6
1,804,2023-09-14 21:47:36,104,7,5,8
1,805,2024-02-13 13:48:57,496,12,10,7
1,806,2023-10-29 08:18:30,189,5,1,9
2,806,2023-07-26 13:42:42,313,13,1,10
1,807,2024-02-04 07:58:13,190,13,4,5
2,807,2024-04-14 09:25:22,267,8,3,5
1,808,2023-10-22 18:53:36,345,9,1,1
2,808,2024-03-25 07:16:52,23,3,10,6
1,809,2024-03-27 04:51:07,93,8,5,5
2,809,2023-08-20 03:02:04,324,7,3,6
1,810,2024-01-19 07:47:11,372,4,6,8
2,810,2023-12-19 11:04:34,55,4,8,9
3,810,2024-01-22 09:46:16,253,6,7,9
1,812,2024-07-09 15:12:06,301,2,2,10
2,812,2023-09-16 21:03:55,458,8,8,6
3,812,2024-02-10 14:12:58,296,1,1,7
1,813,2023-12-27 05:12:42,302,1,5,9
2,813,2024-05-06 22:11:54,137,13,14,6
3,813,2024-02-14 04:41:01,415,8,12,5
1,814,2023-08-18 00:22:44,375,1,13,6
2,814,2024-02-15 14:19:33,90,3,1,9
1,815,2023-09-27 11:22:18,43,14,8,9
1,816,2024-03-21 14:01:47,424,14,1,1
2,816,2023-11-21 15:20:04,484,9,5,2
1,817,2023-12-26 11:52:31,85,13,10,9
2,817,2024-05-17 02:59:48,372,3,7,6
3,817,2024-04-07 08:20:43,214,2,13,2
1,818,2024-04-10 10:09:28,386,6,2,3
1,820,2024-03-18 21:26:14,192,6,5,7
2,820,2024-07-06 04:27:02,440,12,9,6
1,821,2023-07-12 08:12:54,200,8,3,6
2,821,2023-11-01 04:56:32,479,8,1,4
1,822,2023-10-09 12:17:16,197,4,3,8
2,822,2023-08-20 19:54:29,194,2,2,7
1,823,2023-07-30 00:46:17,377,4,8,4
2,823,2024-03-10 10:59:50,53,14,12,4
3,823,2024-03-20 23:25:42,375,2,7,9
1,824,2024-01-22 20:03:17,35,3,11,8
2,824,2023-08-14 17:28:11,440,7,7,9
1,825,2023-08-31 13:50:12,444,8,8,9
2,825,2024-04-24 17:21:08,262,4,10,9
3,825,2024-04-18 16:47:21,245,7,3,4
1,826,2023-07-29 07:03:48,268,9,2,2
1,827,2024-02-20 14:35:38,357,9,9,6
2,827,2024-02-05 02:55:13,100,1,10,9
1,828,2023-12-28 21:49:04,29,10,1,9
1,829,2024-05-26 03:21:51,437,8,4,5
2,829,2024-05-25 00:55:40,470,7,11,4
1,830,2023-11-21 14:46:01,349,11,13,6
2,830,2024-04-08 09:41:23,125,9,13,8
1,833,2024-01-02 15:09:15,262,5,14,3
1,835,2024-05-29 01:46:08,303,4,8,6
2,835,2024-04-30 19:49:45,455,7,7,3
3,835,2024-04-17 00:25:32,220,1,1,5
1,836,2023-11-05 15:01:28,206,9,8,7
1,838,2023-10-14 02:50:48,29,13,1,8
2,838,2023-11-02 06:54:12,462,1,11,4
1,839,2023-08-01 22:00:45,219,4,5,10
2,839,2024-03-06 20:53:44,155,13,2,3
1,841,2023-10-12 04:42:15,370,1,14,10
1,842,2023-10-24 12:37:33,324,9,12,9
2,842,2023-12-09 03:00:14,410,7,2,5
1,843,2024-06-10 07:58:16,450,8,5,7
1,846,2024-04-18 16:54:52,13,3,13,5
2,846,2024-06-23 15:58:47,490,10,8,1
1,847,2023-09-02 00:44:46,292,5,8,2
2,847,2023-07-16 23:15:46,227,6,8,4
1,848,2023-10-18 22:40:36,85,13,11,6
2,848,2023-08-01 18:55:50,44,4,6,8
1,849,2023-12-02 14:27:50,228,9,1,4
2,849,2024-04-01 15:05:03,163,6,14,9
1,850,2024-03-27 10:16:42,113,7,7,7
1,851,2023-11-03 19:42:09,446,12,8,9
1,852,2023-11-14 04:43:03,397,6,5,6
1,855,2024-06-14 04:43:36,473,10,13,9
1,856,2023-08-05 15:47:55,30,6,5,6
2,856,2024-03-07 19:01:20,406,5,1,8
1,857,2024-05-11 09:11:39,170,2,13,9
2,857,2023-07-14 13:15:52,186,8,14,6
3,857,2023-12-17 21:34:12,48,14,8,8
1,858,2023-09-14 02:57:57,18,4,6,2
2,858,2023-08-11 17:05:44,15,13,9,8
3,858,2024-01-20 08:48:46,175,12,11,9
1,859,2024-01-08 16:07:39,469,9,3,3
2,859,2024-03-06 11:34:19,220,11,7,10
3,859,2023-12-09 18:55:39,312,12,7,4
1,860,2024-04-03 16:41:12,155,12,13,3
1,862,2024-01-22 22:55:51,179,4,2,1
2,862,2024-03-04 14:31:51,98,8,13,10
3,862,2024-06-19 00:53:25,312,12,5,4
1,863,2024-06-03 08:30:28,189,3,14,2
2,863,2024-02-15 13:19:17,73,12,6,6
1,864,2023-12-02 15:03:38,262,5,9,10
1,865,2024-04-18 17:29:48,136,1,2,7
2,865,2024-03-12 21:40:55,216,13,7,7
3,865,2023-09-05 17:01:52,469,3,14,9
1,866,2024-02-18 07:19:48,354,5,10,2
2,866,2024-03-02 13:24:07,393,8,9,3
1,867,2024-03-21 02:42:39,426,1,12,4
2,867,2023-12-28 12:12:06,94,13,7,6
1,868,2023-10-02 15:31:53,130,5,10,6
2,868,2024-06-14 01:43:44,98,7,12,1
1,870,2024-06-16 08:07:28,187,1,2,7
1,873,2024-01-20 09:30:43,452,10,1,9
2,873,2023-07-16 12:36:47,220,8,11,5
3,873,2023-12-25 14:17:18,430,8,2,8
1,874,2023-12-29 07:20:06,329,11,10,10
1,875,2023-10-26 09:23:14,253,11,4,1
2,875,2024-02-11 10:01:30,59,7,6,10
3,875,2024-05-02 11:09:35,300,1,2,2
1,876,2024-03-17 16:44:12,419,7,2,7
2,876,2024-04-01 12:15:59,171,10,14,9
3,876,2023-12-27 02:38:19,449,14,1,7
1,877,2024-01-20 10:15:28,494,11,5,3
2,877,2023-09-12 06:33:59,163,9,1,2
1,878,2023-09-02 07:15:11,13,4,6,8
1,879,2024-01-24 00:59:49,148,13,4,1
2,879,2023-08-30 05:18:24,463,2,9,6
3,879,2024-05-22 00:35:05,419,4,13,6
1,880,2024-05-30 06:27:44,217,3,9,9
2,880,2023-11-25 07:16:37,376,12,8,5
3,880,2023-10-12 22:30:11,454,12,1,6
1,881,2024-05-27 22:49:19,376,1,5,4
2,881,2024-04-02 04:56:18,352,13,4,10
1,882,2023-12-03 03:28:08,467,11,12,6
2,882,2023-07-13 21:56:48,403,8,3,7
3,882,2023-12-17 21:27:57,162,1,7,10
1,884,2023-12-18 17:15:06,475,6,6,4
2,884,2023-12-27 15:53:36,47,12,13,1
1,885,2024-05-06 18:04:12,162,3,3,8
2,885,2023-11-27 18:02:22,81,14,4,4
1,886,2023-07-23 15:16:49,31,14,2,7
2,886,2023-10-19 04:18:51,362,12,2,5
3,886,2024-01-17 19:09:08,227,4,2,4
1,887,2023-08-17 22:20:00,225,7,6,8
2,887,2024-01-23 11:59:16,231,2,2,1
1,890,2023-11-20 07:40:24,180,12,7,2
2,890,2024-03-14 13:38:49,312,2,8,5
1,891,2023-08-04 21:17:32,360,8,9,2
2,891,2023-07-11 16:18:08,334,7,11,6
3,891,2024-01-07 19:01:53,90,2,13,9
1,892,2023-10-20 20:03:54,121,4,5,9
2,892,2024-01-05 13:52:30,467,5,13,10
3,892,2024-06-25 03:38:52,12,3,7,3
1,893,2023-08-14 11:56:21,130,7,1,8
2,893,2024-01-20 02:37:13,185,2,13,3
3,893,2023-09-27 13:22:00,338,14,5,4
1,894,2023-09-09 17:59:49,200,9,2,10
1,895,2024-01-11 23:02:24,228,4,5,8
1,896,2024-01-30 03:29:05,121,4,4,6
2,896,2023-11-29 22:51:42,322,11,13,10
3,896,2024-05-28 01:45:08,267,9,14,9
1,897,2023-12-11 03:37:31,275,6,12,8
1,898,2024-04-13 20:35:04,187,12,3,1
2,898,2023-09-13 15:43:50,96,10,6,9
1,899,2024-02-03 03:01:43,170,12,9,7
1,900,2024-01-26 18:06:58,179,8,8,10
1,901,2023-07-28 19:46:37,271,5,8,10
1,902,2024-07-06 06:01:51,135,7,11,3
1,903,2023-09-18 08:49:27,459,11,9,1
1,904,2024-01-24 19:31:10,255,13,12,4
1,905,2024-04-17 23:15:27,362,12,1,10
2,905,2024-07-01 10:19:01,283,13,4,5
3,905,2024-01-03 12:18:37,41,14,9,4
1,906,2023-12-25 13:50:46,144,3,3,2
2,906,2023-12-23 00:53:58,6,3,5,1
1,907,2023-08-16 22:18:27,58,8,7,1
1,908,2024-03-18 00:22:08,20,9,12,1
2,908,2024-01-24 21:56:09,192,14,8,10
1,909,2024-06-09 04:28:47,470,10,5,9
1,910,2024-02-05 08:09:44,69,14,5,9
1,911,2024-07-07 04:54:44,251,5,5,2
1,914,2024-05-02 19:29:56,293,1,7,3
1,915,2023-12-06 02:25:47,147,10,14,2
2,915,2023-08-09 11:32:00,151,1,8,7
3,915,2024-01-28 04:38:08,415,9,5,6
1,916,2024-04-17 15:33:23,415,11,10,8
2,916,2024-03-11 05:08:33,370,13,8,2
3,916,2024-04-10 10:12:36,232,8,2,7
1,917,2023-11-20 11:41:25,67,6,11,9
2,917,2024-03-27 21:02:50,149,7,3,5
3,917,2024-02-20 13:45:42,71,1,8,10
1,920,2023-07-12 13:47:09,383,4,3,6
1,922,2024-03-22 21:59:04,181,10,1,3
2,922,2023-07-30 13:50:03,211,10,9,9
1,924,2024-01-30 02:53:22,434,10,13,7
1,926,2023-07-25 23:07:56,499,6,8,2
1,927,2024-02-21 09:07:41,42,8,10,5
2,927,2023-07-13 08:04:14,419,9,12,1
1,928,2024-04-11 09:50:18,357,6,13,9
2,928,2023-07-22 18:42:44,159,7,8,1
1,931,2023-12-11 05:18:57,350,12,5,9
1,933,2024-06-28 10:34:15,463,3,7,5
1,934,2023-11-08 20:00:33,29,6,14,2
2,934,2024-04-12 16:54:13,136,10,14,2
1,939,2023-11-04 19:25:05,100,12,10,7
2,939,2024-06-12 17:20:54,159,11,2,9
3,939,2024-04-26 20:09:03,235,8,13,6
1,940,2023-11-18 02:00:20,32,5,8,10
2,940,2024-04-27 17:46:52,467,14,14,5
1,941,2023-11-23 08:27:10,486,11,3,8
1,943,2023-10-27 16:29:50,104,5,6,3
1,944,2023-11-23 14:23:26,168,9,7,3
2,944,2023-12-03 19:52:53,380,11,5,6
1,945,2024-04-07 15:07:50,297,13,10,2
2,945,2024-02-14 04:52:39,453,14,5,6
1,946,2023-08-25 02:54:32,71,8,11,4
2,946,2024-02-19 12:14:45,13,10,5,7
3,946,2024-06-05 07:47:05,393,5,14,8
1,947,2023-07-11 17:01:28,111,3,12,5
2,947,2023-07-17 03:07:42,9,3,7,3
3,947,2023-08-09 03:19:00,225,3,4,7
1,948,2024-03-05 02:25:33,47,4,13,8
2,948,2023-08-14 00:07:28,446,6,9,6
1,949,2023-07-27 11:13:37,268,1,3,9
2,949,2023-09-02 18:01:40,356,14,4,10
1,950,2024-04-06 18:19:59,201,10,1,5
1,951,2023-09-04 04:38:40,183,5,8,1
1,952,2024-04-08 23:05:44,155,4,10,1
2,952,2023-10-23 16:58:50,353,10,13,1
3,952,2023-12-14 04:50:54,160,12,5,5
1,953,2023-12-26 20:33:57,363,2,4,8
2,953,2023-12-20 11:51:35,28,5,5,9
1,954,2023-11-14 03:01:44,354,6,2,7
2,954,2024-04-13 07:14:22,307,11,2,1
1,955,2024-01-10 23:06:59,158,10,2,1
2,955,2023-07-16 19:28:39,376,9,10,5
1,956,2023-12-10 21:47:02,339,9,9,4
1,959,2024-03-30 09:57:04,312,3,13,10
2,959,2023-08-23 04:20:47,47,14,3,9
3,959,2023-12-21 17:04:24,155,7,7,3
1,961,2024-06-01 11:41:46,61,2,13,4
2,961,2024-05-20 19:44:43,186,14,9,4
3,961,2024-06-14 15:52:37,444,11,5,2
1,963,2023-09-07 14:32:54,383,12,5,10
1,964,2024-07-04 23:56:58,213,8,12,1
1,965,2024-05-08 20:44:20,72,7,1,9
2,965,2024-04-15 02:41:00,83,11,4,5
1,966,2023-12-04 13:08:35,337,11,8,6
2,966,2023-07-21 18:10:24,481,9,8,5
1,967,2023-11-13 08:26:53,257,8,13,7
1,968,2024-05-15 23:46:49,497,11,9,5
1,969,2023-08-25 02:06:11,370,5,3,10
2,969,2023-11-27 00:01:43,276,6,1,1
3,969,2024-03-07 13:59:30,35,10,10,9
1,970,2023-07-15 04:25:55,464,14,11,2
2,970,2024-01-17 10:42:23,213,7,14,4
3,970,2024-07-05 15:40:12,175,12,2,1
1,972,2023-08-16 10:31:51,305,14,1,3
2,972,2024-02-20 09:21:29,37,11,6,2
1,973,2024-01-18 13:50:02,331,11,7,10
2,973,2023-09-27 13:57:32,324,3,6,7
1,975,2023-09-10 12:47:17,376,10,13,7
2,975,2023-10-07 09:09:01,8,4,10,2
3,975,2023-12-12 05:39:23,30,6,2,10
1,977,2023-10-04 17:01:42,159,5,2,3
2,977,2024-04-16 19:15:03,164,8,10,9
3,977,2024-04-24 13:54:12,251,3,6,1
1,979,2023-08-18 02:50:47,238,1,6,3
2,979,2023-10-04 11:03:09,262,8,11,7
3,979,2023-09-03 18:20:42,331,9,7,4
1,980,2024-07-02 04:05:48,41,14,9,4
1,981,2024-06-21 10:54:59,427,11,5,10
1,982,2024-03-30 03:51:19,83,5,12,5
1,983,2023-11-02 03:34:14,267,3,11,1
2,983,2024-01-24 18:42:56,346,2,13,1
1,984,2023-12-12 14:22:55,66,8,4,6
2,984,2023-09-04 16:36:10,396,3,1,7
3,984,2023-08-06 17:31:22,230,3,4,6
1,985,2023-12-31 05:00:14,294,14,3,10
1,986,2023-12-29 14:16:17,438,7,12,8
1,987,2023-08-25 06:55:59,333,9,7,2
2,987,2024-01-06 06:14:20,116,11,12,6
1,991,2024-01-12 22:08:26,265,7,2,3
1,992,2023-09-16 04:30:02,233,2,10,6
2,992,2024-03-14 01:55:33,237,9,5,4
3,992,2024-01-21 04:56:18,500,6,4,6
1,993,2024-01-19 22:46:57,32,4,2,10
1,996,2024-06-17 08:19:16,89,7,1,1
2,996,2024-06-06 05:18:43,153,8,9,10
1,997,2024-01-09 20:32:15,369,3,4,5
2,997,2023-12-04 12:28:42,240,9,1,2
1,998,2024-03-30 10:55:23,381,2,13,3
2,998,2024-02-21 16:20:10,467,2,11,1
3,998,2024-02-27 07:10:37,495,3,2,5
1,999,2023-12-04 18:45:31,391,9,10,2
2,999,2024-01-07 07:20:04,195,5,13,4
3,999,2023-07-31 19:21:49,367,14,4,4
1,1000,2024-06-29 00:57:09,135,7,3,5
2,1000,2024-04-11 05:38:11,474,11,8,10
3,1000,2024-05-14 10:57:38,21,4,13,8
