user_id,birthyear,gender,subscription_start_date,subscription_end_date,subscription_type,subscription_status,last_login_date,average_watch_time,total_watch_time,favorite_genres
1,1998,female,2023-09-15 11:57:56,2024-05-13 10:23:58,2,1,2024-05-30 13:03:11,3.83,55.17,음악
2,1988,female,2023-11-04 18:29:45,,2,0,2024-02-22 01:13:57,2.17,118.45,멜로
3,1995,female,2023-12-15 13:43:16,,0,0,2024-04-26 13:45:53,3.14,100.06,액션
4,1988,male,2023-07-12 00:10:23,2024-04-19 12:24:03,2,1,2023-12-24 21:15:41,1.78,113.86,전쟁
5,1994,male,2023-05-16 17:29:32,,2,0,2024-02-08 21:46:45,1.24,114.53,범죄
6,1998,male,2023-01-01 03:02:41,2023-02-09 16:37:43,1,1,2024-04-08 03:03:02,2.68,148.73,범죄
7,1997,female,2022-12-10 22:15:25,,1,0,2023-01-19 16:49:49,2.12,77.88,멜로
8,1993,male,2023-09-18 10:08:32,2024-01-26 07:32:46,2,1,2024-03-20 12:32:12,0.67,55.88,액션
9,1998,male,2023-07-30 05:37:52,,2,0,2024-05-20 02:58:51,2.49,69.14,멜로
10,1990,male,2022-10-29 21:40:52,,2,0,2023-10-17 13:53:17,2.35,100.73,범죄
11,1989,male,2023-02-15 06:14:21,,0,0,2024-04-12 18:19:53,1.48,46.56,전쟁
12,1999,female,2023-08-27 05:36:12,,0,0,2024-03-01 06:44:24,1.57,114.25,스포츠
13,1990,female,2024-06-14 23:28:03,,1,0,2024-07-05 12:21:33,1.26,109.53,스포츠
14,2001,female,2022-08-08 10:42:27,,0,0,2024-02-14 22:38:30,4.08,138.49,전쟁
15,2002,female,2024-03-30 22:31:38,2024-07-06 09:12:07,1,1,2024-05-11 05:31:34,0.9,68.08,멜로
16,2000,female,2023-01-24 09:09:42,,2,0,2024-06-08 16:56:42,3.94,96.92,스릴러
17,1997,female,2023-08-25 18:16:13,,2,0,2024-03-16 21:52:23,3.31,48.42,멜로
18,1998,male,2024-02-03 10:38:52,2024-04-21 18:46:33,2,1,2024-04-19 13:18:59,1.6,63.05,스포츠
19,1994,male,2023-08-31 18:37:00,,0,0,2023-09-25 00:48:17,3.14,89.98,스릴러
20,2000,female,2024-03-22 22:31:30,2024-04-04 11:21:48,2,1,2024-05-04 13:23:51,4.14,105.85,음악
21,1995,male,2023-02-19 08:25:50,2023-05-01 09:38:35,2,1,2023-10-09 06:01:16,2.3,137.92,전쟁
22,2001,female,2024-04-26 02:09:25,2024-07-02 16:30:26,0,1,2024-06-18 15:47:03,1.43,86.57,코미디
23,1991,male,2023-01-27 14:41:30,2024-06-27 09:13:55,1,1,2024-06-02 18:03:33,1.92,89.63,멜로
24,2002,male,2023-01-05 10:44:25,2023-08-03 03:21:52,2,1,2023-04-05 21:35:33,3.77,97.87,뮤지컬
25,1993,male,2023-04-06 22:24:48,2023-12-21 17:20:42,2,1,2023-04-25 12:45:37,2.18,121.93,전쟁
26,2001,female,2024-05-28 01:16:26,,2,0,2024-06-07 18:56:07,0.35,80.23,음악
27,2001,female,2023-04-21 04:54:19,2023-10-21 00:33:58,1,1,2023-05-17 07:37:43,3.21,72.75,스포츠
28,1989,female,2022-08-12 00:26:48,2023-01-20 13:35:28,0,1,2023-01-20 18:24:05,2.89,65.16,스릴러
29,1994,male,2023-03-17 02:05:43,,1,0,2024-04-28 07:06:42,1.65,84.61,멜로
30,1998,female,2023-10-11 07:43:12,2024-02-02 14:43:04,2,1,2023-12-13 05:54:15,2.29,85.3,음악
31,2002,male,2024-01-11 19:18:29,2024-06-20 14:07:08,1,1,2024-03-03 19:32:37,0.0,101.43,SF
32,1988,female,2023-04-12 12:37:14,,0,0,2023-12-26 14:35:06,3.93,105.16,SF
33,1992,female,2023-11-04 15:16:00,,2,0,2024-06-02 14:55:28,1.59,92.72,코미디
34,1999,male,2023-07-28 16:57:17,,1,0,2023-10-20 16:34:29,2.51,116.66,판타지
35,1992,female,2022-10-26 20:37:20,,1,0,2023-07-13 05:47:10,4.41,76.51,전쟁
36,1990,female,2024-03-11 05:27:11,,2,0,2024-05-02 16:36:26,1.71,125.82,멜로
37,1990,female,2022-11-28 12:38:48,,1,0,2023-10-03 19:56:38,3.25,145.66,액션
38,1988,male,2023-12-24 00:49:29,2023-12-29 13:23:43,0,1,2024-01-02 23:43:27,1.48,156.61,판타지
39,2001,female,2022-12-15 05:30:43,,1,0,2024-05-13 11:55:15,4.14,64.72,판타지
40,2001,female,2023-03-13 13:28:43,2023-12-15 01:10:20,1,1,2023-10-21 05:02:41,2.68,98.0,음악
41,1989,female,2024-02-06 15:15:15,2024-02-21 14:17:56,2,1,2024-04-13 16:45:54,4.55,132.1,뮤지컬
42,1998,male,2023-12-03 01:51:20,,2,0,2024-06-16 22:17:54,3.25,129.95,SF
43,1995,male,2023-07-30 17:05:50,2023-11-20 18:38:54,1,1,2024-05-15 21:22:18,2.43,78.15,액션
44,2001,female,2024-04-07 09:32:53,,2,0,2024-04-13 00:18:40,0.81,146.66,판타지
45,1989,female,2023-05-02 22:03:51,2024-01-28 05:04:19,0,1,2023-10-11 05:37:29,1.51,71.93,뮤지컬
46,1995,male,2024-03-27 05:34:42,,0,0,2024-07-05 21:40:01,3.86,56.77,스포츠
47,1990,female,2024-03-18 11:23:18,,2,0,2024-06-01 12:20:18,1.89,92.62,액션
48,1992,female,2023-04-06 22:04:27,,0,0,2023-10-20 14:18:55,1.08,140.0,범죄
49,2001,male,2024-02-12 02:22:00,2024-07-09 11:08:52,1,1,2024-05-02 14:34:46,3.0,132.35,코미디
50,1992,female,2023-03-24 19:57:37,2023-09-18 04:13:02,2,1,2024-02-01 01:39:07,2.3,121.77,스포츠
51,1991,female,2023-01-30 00:46:14,2023-11-12 02:26:01,1,1,2023-07-19 18:59:02,1.93,124.28,음악
52,1989,male,2024-04-03 05:49:50,,2,0,2024-04-16 23:49:58,2.87,88.85,음악
53,1996,female,2023-09-25 23:50:12,2024-03-10 14:34:58,0,1,2024-02-28 09:40:55,4.11,90.84,액션
54,1998,male,2022-09-12 02:06:28,2024-01-24 02:50:05,2,1,2022-10-12 18:19:25,3.01,80.52,액션
55,1994,female,2024-04-06 23:50:40,,2,0,2024-06-28 18:45:21,1.09,136.0,뮤지컬
56,1994,male,2023-03-31 20:07:35,,1,0,2023-12-24 11:14:16,0.53,115.69,범죄
57,1992,female,2023-12-20 07:23:56,,1,0,2024-06-18 18:37:10,3.79,80.22,멜로
58,1991,female,2023-07-26 03:57:40,,2,0,2024-05-25 22:54:14,3.39,94.71,스포츠
59,1988,male,2024-01-14 21:26:17,,1,0,2024-06-02 12:24:11,2.5,72.43,범죄
60,1988,female,2022-07-20 00:20:01,,1,0,2024-01-01 13:51:41,3.89,93.0,멜로
61,1991,male,2023-12-23 17:50:28,2024-02-07 05:30:27,2,1,2024-05-23 06:59:17,1.55,110.91,뮤지컬
62,1990,female,2024-07-06 10:55:55,2024-07-07 15:21:17,2,1,2024-07-10 00:39:33,3.39,87.9,스릴러
63,2000,male,2023-03-24 08:40:08,2024-06-25 09:07:22,0,1,2023-12-15 20:58:57,1.89,113.72,SF
64,2000,male,2022-09-06 04:14:44,,1,0,2023-04-27 11:16:38,1.6,69.38,스릴러
65,1988,female,2023-04-07 15:43:53,2023-08-16 17:44:12,1,1,2023-11-04 09:47:53,3.14,120.7,코미디
66,1992,male,2023-04-20 05:45:08,2023-10-07 12:04:06,0,1,2023-05-02 00:08:49,2.03,66.88,멜로
67,1995,male,2022-09-20 10:24:59,,0,0,2024-07-09 00:29:39,2.64,77.58,스포츠
68,1991,male,2022-10-31 01:08:33,2024-06-05 20:42:36,0,1,2023-05-03 20:30:09,2.2,90.47,뮤지컬
69,1997,male,2023-09-11 01:06:33,2024-02-26 15:00:46,2,1,2024-06-25 21:33:36,2.27,94.64,코미디
70,1999,female,2023-05-03 03:01:31,,0,0,2024-05-23 12:14:07,3.32,109.9,음악
71,1995,female,2024-01-28 18:09:04,2024-07-05 14:20:31,1,1,2024-06-23 10:01:38,4.26,151.22,판타지
72,2001,male,2023-03-12 03:59:30,,1,0,2024-05-20 13:38:59,3.16,49.13,SF
73,1999,male,2024-05-13 20:18:47,2024-05-24 11:51:17,0,1,2024-05-21 22:56:30,2.73,130.23,음악
74,1999,male,2023-11-18 17:12:42,,0,0,2024-05-30 22:56:29,4.92,105.52,판타지
75,1996,male,2023-08-15 15:03:44,2023-10-04 21:29:26,0,1,2024-01-01 12:52:57,2.18,138.06,SF
76,2001,female,2022-09-16 19:28:05,,0,0,2023-03-17 20:06:18,0.27,120.31,뮤지컬
77,1996,female,2023-02-22 10:22:46,2024-02-10 09:27:30,1,1,2024-03-08 00:40:00,1.14,129.35,음악
78,1999,female,2023-06-16 05:06:28,,1,0,2023-12-17 21:15:36,1.0,109.06,판타지
79,1997,female,2023-04-21 22:45:30,2023-12-28 03:19:18,0,1,2024-04-24 12:46:47,0.51,123.41,멜로
80,1997,male,2024-03-18 02:39:10,2024-05-22 15:25:58,0,1,2024-05-23 08:45:52,2.53,99.96,스릴러
81,1995,female,2023-12-27 10:04:42,,2,0,2023-12-28 18:29:52,6.3,113.61,SF
82,1997,male,2022-10-16 19:56:15,2024-07-02 05:42:23,2,1,2023-03-07 03:21:13,2.74,85.67,코미디
83,1999,female,2024-04-19 14:57:33,,1,0,2024-05-21 08:37:24,2.65,107.39,SF
84,2000,female,2024-06-20 00:40:50,,2,0,2024-07-04 18:49:39,2.52,84.46,SF
85,1993,male,2023-10-24 02:02:29,2023-12-19 14:37:08,1,1,2024-05-15 02:10:41,1.84,125.04,뮤지컬
86,1990,female,2022-11-05 02:12:49,2024-01-12 20:23:26,1,1,2023-09-28 14:50:26,2.02,94.05,스포츠
87,2002,male,2024-04-25 19:26:32,2024-05-29 20:49:48,2,1,2024-07-02 05:56:58,4.23,80.74,범죄
88,2002,female,2023-11-27 01:21:58,2024-05-26 17:09:20,1,1,2024-05-04 15:45:20,3.2,108.61,범죄
89,1997,male,2023-04-16 02:11:50,2023-08-25 02:24:00,2,1,2023-06-11 02:02:06,3.81,137.26,액션
90,1992,male,2022-08-18 22:49:57,2024-04-22 14:24:18,0,1,2023-08-26 17:22:03,2.87,122.41,스릴러
91,1990,female,2023-06-25 11:34:21,,0,0,2023-07-21 18:27:19,2.52,82.42,범죄
92,1988,female,2022-12-21 02:24:34,,2,0,2024-03-16 04:18:30,3.86,148.84,스포츠
93,1992,female,2023-04-08 04:35:14,,0,0,2024-03-10 06:58:43,4.62,113.39,코미디
94,1992,male,2024-06-16 19:53:50,,1,0,2024-07-08 06:43:26,0.91,115.07,스포츠
95,1996,female,2022-08-31 08:28:28,2023-11-13 02:11:50,0,1,2024-01-09 01:40:04,2.46,102.87,판타지
96,1995,female,2023-11-28 00:34:06,2024-05-03 03:36:26,1,1,2024-01-10 08:08:02,2.23,150.72,뮤지컬
97,2002,female,2024-05-08 22:43:05,2024-05-29 07:00:48,2,1,2024-06-06 23:05:12,2.3,89.7,전쟁
98,2002,male,2024-03-12 12:54:46,2024-05-17 07:46:08,1,1,2024-03-23 19:32:23,2.18,96.85,스포츠
99,1989,male,2022-08-01 02:38:59,2022-12-23 04:07:02,1,1,2022-12-23 17:12:55,2.79,128.19,멜로
100,1989,male,2024-05-07 05:34:35,2024-06-19 01:08:06,1,1,2024-05-22 22:28:08,2.01,97.88,멜로
101,1997,female,2024-02-16 10:27:31,2024-02-20 16:09:26,0,1,2024-03-24 12:36:00,2.74,92.23,전쟁
102,2002,male,2024-02-21 13:23:39,2024-05-13 15:40:55,2,1,2024-03-28 17:57:29,2.14,101.44,SF
103,1994,male,2023-11-30 09:30:23,2024-03-15 06:50:21,0,1,2024-03-02 23:13:37,3.38,116.48,뮤지컬
104,2000,male,2023-12-17 06:44:57,,1,0,2024-05-25 01:27:27,2.79,114.84,스릴러
105,1993,female,2023-10-07 06:26:21,2024-06-15 11:20:58,0,1,2024-03-05 12:31:28,2.29,105.69,스포츠
106,1998,female,2022-10-18 00:40:05,2024-01-21 17:28:55,1,1,2022-12-23 04:27:22,1.43,71.05,판타지
107,1993,female,2024-05-22 10:00:22,2024-06-01 13:41:44,1,1,2024-06-08 15:28:40,2.63,102.57,음악
108,2001,male,2023-05-03 23:55:02,,2,0,2024-06-04 00:50:02,1.44,87.68,스릴러
109,1993,female,2023-09-18 11:11:28,,2,0,2023-12-12 12:08:07,1.91,90.97,멜로
110,1988,male,2023-05-29 03:18:56,,1,0,2023-10-28 12:11:49,2.71,88.47,음악
111,2002,male,2024-01-12 21:49:14,,2,0,2024-04-28 21:34:34,2.56,160.74,판타지
112,1994,male,2023-10-18 04:30:53,2023-12-10 03:39:15,1,1,2023-12-24 08:29:21,1.62,52.94,스포츠
113,1995,male,2023-09-07 21:23:41,,0,0,2023-12-21 21:28:34,1.17,102.82,뮤지컬
114,1994,female,2024-03-07 10:00:04,2024-04-13 12:48:49,2,1,2024-05-26 23:45:48,2.5,50.77,스포츠
115,1997,female,2023-08-18 11:18:59,2024-01-17 04:19:43,1,1,2024-04-25 06:16:58,3.43,107.23,음악
116,1994,female,2023-01-22 14:05:26,,0,0,2024-04-18 19:29:03,4.75,110.11,액션
117,1995,male,2023-12-21 23:37:40,,1,0,2024-04-25 03:46:55,2.58,117.35,음악
118,1993,female,2022-11-07 14:02:08,2023-09-21 11:23:24,0,1,2023-11-04 08:23:43,1.61,81.4,판타지
119,1999,female,2024-02-09 01:55:28,2024-04-23 12:19:34,0,1,2024-02-17 08:15:34,3.0,74.74,SF
120,2000,female,2023-12-08 14:52:43,2024-01-27 12:23:33,2,1,2024-06-27 04:23:18,3.74,66.31,멜로
121,1992,female,2022-08-07 22:33:03,,1,0,2023-03-28 00:27:18,2.51,95.83,판타지
122,1996,female,2022-12-16 00:53:07,2024-01-22 17:12:21,0,1,2023-10-01 06:28:25,3.83,133.35,판타지
123,1995,male,2022-07-20 06:12:49,,1,0,2022-10-19 14:43:35,1.14,113.14,멜로
124,1990,female,2023-04-01 15:54:51,,2,0,2024-06-10 10:29:48,2.4,52.55,전쟁
125,2001,female,2022-08-13 10:54:34,2023-03-17 13:52:24,0,1,2023-12-13 07:58:23,3.37,60.36,범죄
126,1997,male,2023-04-30 18:36:46,,1,0,2023-10-06 02:36:56,1.47,136.6,SF
127,1994,male,2023-06-08 23:08:25,2024-03-05 00:50:15,0,1,2023-09-06 04:57:03,3.7,114.26,판타지
128,1988,male,2024-05-26 01:30:33,,0,0,2024-07-01 22:48:14,2.02,105.45,스릴러
129,1998,female,2023-11-22 15:27:46,,0,0,2024-04-04 16:11:32,3.61,105.82,코미디
130,2001,female,2024-04-08 18:48:59,,1,0,2024-05-09 13:38:02,3.31,140.6,액션
131,1994,female,2024-01-01 22:20:16,2024-04-04 04:56:47,0,1,2024-03-22 18:46:22,1.99,144.76,스릴러
132,1988,male,2023-03-29 12:00:12,,1,0,2023-08-08 22:06:44,2.53,41.25,스포츠
133,1996,female,2024-01-14 12:58:40,,2,0,2024-04-18 07:15:01,2.44,52.43,뮤지컬
134,1989,male,2024-06-14 20:38:21,,2,0,2024-06-17 14:57:24,3.57,78.44,범죄
135,1995,male,2023-03-07 20:15:13,,1,0,2023-08-18 19:48:34,2.68,127.11,전쟁
136,1998,male,2022-09-22 06:43:40,2023-06-14 05:56:04,1,1,2023-12-17 06:49:27,1.36,129.57,전쟁
137,1991,male,2022-12-24 09:49:14,,2,0,2024-02-02 02:54:18,3.06,78.93,판타지
138,1996,female,2022-10-22 00:24:01,,0,0,2022-11-08 00:58:04,4.73,107.09,전쟁
139,1989,male,2024-07-02 22:08:40,2024-07-04 21:14:04,2,1,2024-07-04 01:25:38,3.19,105.15,범죄
140,1988,male,2023-12-06 11:58:10,2024-05-26 23:46:50,0,1,2024-07-02 09:34:39,2.62,85.44,스포츠
141,1994,female,2024-06-22 06:40:21,2024-07-02 08:13:54,2,1,2024-06-30 08:33:22,3.17,99.94,액션
142,1995,female,2022-09-15 09:43:47,2023-08-07 10:49:33,1,1,2024-04-17 10:21:44,2.82,117.99,스포츠
143,1994,female,2024-01-23 00:20:52,,2,0,2024-05-12 01:13:40,2.73,68.46,멜로
144,1993,male,2023-10-14 22:45:14,,2,0,2023-12-22 10:44:17,2.69,63.94,음악
145,1993,male,2023-10-03 06:39:59,,0,0,2024-05-29 01:50:12,2.64,116.98,멜로
146,1989,male,2023-10-10 02:07:08,,0,0,2024-04-14 06:23:13,3.97,93.85,멜로
147,1988,female,2023-12-01 10:01:13,2024-01-10 05:43:00,0,1,2023-12-05 10:17:00,2.33,85.2,전쟁
148,1996,male,2024-01-19 15:52:37,2024-01-26 19:51:20,0,1,2024-03-17 20:42:55,2.29,101.66,범죄
149,1988,female,2024-01-24 09:44:30,2024-03-12 20:55:20,0,1,2024-02-29 14:59:46,2.85,80.18,뮤지컬
150,2001,female,2023-06-05 05:46:49,,2,0,2023-07-14 11:17:00,1.65,76.54,스릴러
151,1988,male,2023-09-02 10:59:57,,1,0,2023-11-21 17:16:27,2.64,71.25,전쟁
152,2002,female,2023-12-04 03:59:49,2024-06-21 00:39:56,1,1,2024-04-14 12:23:37,2.72,85.76,스릴러
153,1999,female,2023-10-05 04:02:25,2024-03-07 07:48:10,2,1,2024-01-26 20:48:52,1.69,96.65,범죄
154,1994,female,2022-10-15 13:12:01,,1,0,2023-12-17 10:03:53,3.3,81.4,전쟁
155,2002,female,2024-04-01 03:29:07,2024-06-13 07:16:24,2,1,2024-04-10 01:46:59,2.79,121.36,전쟁
156,1999,female,2022-07-26 22:32:51,,1,0,2023-04-13 05:01:53,1.56,69.92,전쟁
157,2002,male,2023-12-29 16:10:57,,0,0,2024-06-26 20:42:52,3.09,138.2,스릴러
158,1990,female,2023-06-12 14:28:31,2024-03-07 01:19:35,1,1,2024-02-09 06:38:39,2.57,88.66,액션
159,1997,male,2022-08-03 07:41:30,2024-04-24 03:08:57,2,1,2024-04-19 20:33:06,2.26,56.43,스릴러
160,2000,male,2023-03-05 23:55:28,,0,0,2023-06-10 17:03:08,2.25,112.04,액션
161,1999,female,2023-05-25 19:03:41,,0,0,2024-05-05 17:36:28,4.05,51.29,음악
162,2000,male,2024-01-25 18:51:07,,0,0,2024-03-20 23:51:49,1.37,122.04,스포츠
163,1992,female,2024-05-21 08:56:44,,1,0,2024-05-26 07:41:10,2.3,118.9,스릴러
164,1998,female,2023-12-15 16:22:15,,2,0,2024-03-31 11:50:21,1.9,106.53,음악
165,1993,male,2022-08-31 18:41:25,,2,0,2023-11-12 03:16:31,2.7,114.21,액션
166,1999,female,2023-04-24 09:01:06,,0,0,2023-11-17 17:01:05,2.3,97.34,멜로
167,1990,female,2023-09-13 17:37:49,2023-09-29 08:24:45,2,1,2023-09-20 09:44:42,2.74,169.37,음악
168,1990,female,2023-05-22 15:08:43,2024-04-21 19:20:07,1,1,2024-04-01 13:31:21,2.08,108.78,판타지
169,2001,male,2023-06-20 13:10:39,2023-08-15 19:32:18,2,1,2023-12-16 22:05:53,1.4,72.06,멜로
170,1988,male,2024-05-02 14:24:27,,0,0,2024-06-20 04:04:38,0.0,69.15,판타지
171,1992,male,2023-01-20 07:36:37,2024-04-01 16:56:48,1,1,2023-05-29 08:10:21,3.48,155.97,뮤지컬
172,1996,female,2023-12-15 16:53:14,2024-01-23 23:32:48,0,1,2023-12-17 19:48:04,1.71,75.3,코미디
173,1994,female,2024-04-10 20:04:07,,0,0,2024-05-30 02:02:58,3.0,78.18,멜로
174,2000,male,2023-12-29 07:33:42,,2,0,2024-02-08 13:44:48,3.16,116.81,액션
175,1995,female,2022-07-19 23:35:23,,1,0,2023-07-12 02:50:04,2.57,136.32,스릴러
176,1995,female,2023-09-03 00:41:07,,0,0,2024-03-10 12:36:31,3.45,134.97,멜로
177,2001,female,2022-07-31 08:50:45,,2,0,2023-08-21 08:09:49,1.5,83.93,전쟁
178,2002,female,2024-03-15 08:52:40,2024-03-21 09:11:43,0,1,2024-07-05 23:30:23,1.48,67.56,멜로
179,1998,female,2023-02-24 18:54:38,,2,0,2024-07-06 22:22:37,4.13,122.1,코미디
180,1988,male,2022-11-11 11:52:07,,0,0,2024-02-01 13:41:21,2.49,106.78,범죄
181,1991,female,2023-11-07 01:46:44,2023-12-17 11:45:14,1,1,2024-04-30 00:57:55,1.59,95.29,스포츠
182,2000,female,2022-07-17 23:59:14,2022-10-31 03:49:23,0,1,2022-12-22 04:08:22,2.39,141.89,멜로
183,1989,male,2023-09-26 13:51:10,,0,0,2024-04-20 14:13:02,2.17,104.98,SF
184,2000,male,2023-02-22 14:59:32,2023-08-02 00:43:40,0,1,2024-03-15 13:40:14,3.83,69.0,음악
185,2002,female,2023-01-25 11:25:54,,0,0,2023-04-25 22:55:39,1.17,63.88,스릴러
186,1994,male,2023-06-27 07:14:30,2023-09-21 10:07:43,0,1,2023-11-28 16:39:53,3.43,67.36,음악
187,1988,male,2024-07-06 02:03:21,2024-07-09 19:57:10,1,1,2024-07-08 01:17:47,2.45,84.13,판타지
188,1998,female,2022-12-31 12:27:48,,2,0,2023-02-16 18:58:33,3.51,85.89,전쟁
189,1996,female,2022-10-21 17:07:04,2024-03-31 00:14:25,0,1,2023-09-17 19:09:15,1.69,108.27,범죄
190,1992,female,2023-07-27 10:26:04,,1,0,2023-09-17 20:27:14,1.68,133.72,스포츠
191,1991,male,2023-09-09 07:05:08,2023-10-18 20:59:22,2,1,2024-01-22 00:15:37,3.43,100.16,뮤지컬
192,1991,female,2023-11-26 07:33:59,,1,0,2024-06-09 14:31:56,3.97,76.56,판타지
193,2001,female,2023-01-14 13:56:38,2023-02-03 09:15:07,2,1,2024-02-27 20:13:52,3.0,89.09,스포츠
194,1996,female,2023-11-14 23:51:43,,0,0,2023-11-26 22:39:41,2.16,149.99,스포츠
195,1992,male,2024-04-01 11:39:58,,0,0,2024-07-04 21:37:21,2.05,121.28,액션
196,1993,female,2023-08-18 21:46:33,,2,0,2023-09-06 21:04:38,2.27,29.61,전쟁
197,1992,male,2023-12-02 16:48:32,2024-01-24 06:11:42,0,1,2024-02-16 15:03:14,2.53,72.55,액션
198,1996,male,2022-12-04 14:24:38,2023-01-05 07:47:57,0,1,2023-06-08 02:50:40,3.0,18.08,코미디
199,1991,male,2022-08-22 09:30:49,2022-09-23 02:42:13,0,1,2023-09-14 18:34:03,2.16,145.53,스포츠
200,1994,female,2023-12-26 08:59:32,,2,0,2024-01-27 04:05:11,1.84,112.5,스포츠
201,1992,male,2023-03-29 20:50:59,2023-04-07 08:35:16,0,1,2024-02-03 00:55:03,2.52,110.69,뮤지컬
202,1996,male,2023-01-22 11:36:18,,2,0,2024-05-22 09:58:27,2.64,127.53,스포츠
203,1995,female,2023-05-20 12:31:04,2023-07-07 04:22:53,1,1,2024-06-18 10:11:34,3.51,126.72,스포츠
204,1997,female,2022-12-01 19:59:05,,1,0,2024-06-27 05:20:32,3.06,107.6,코미디
205,2001,male,2022-12-23 08:52:59,2023-01-25 17:56:03,0,1,2023-04-20 04:46:23,4.64,89.82,범죄
206,2002,female,2022-09-26 17:09:54,2022-10-21 11:10:31,1,1,2024-05-29 07:29:10,1.97,155.09,뮤지컬
207,1995,male,2024-03-22 18:31:07,2024-05-11 22:36:17,2,1,2024-05-01 00:23:00,2.27,25.29,스포츠
208,2002,female,2023-08-07 13:55:57,2023-08-08 00:09:36,2,1,2023-11-29 02:21:09,2.29,110.51,SF
209,1991,female,2023-01-23 02:24:35,2023-11-01 11:28:27,2,1,2023-05-26 09:03:47,2.42,149.49,전쟁
210,1990,male,2024-03-31 10:07:19,,2,0,2024-05-14 02:39:36,0.27,131.48,음악
211,2001,female,2023-07-16 02:00:43,2024-05-05 02:58:48,0,1,2024-04-29 17:25:02,2.87,120.1,코미디
212,1993,male,2023-10-27 01:30:53,2024-03-12 18:18:49,0,1,2024-01-22 15:29:35,2.6,76.52,스포츠
213,2000,female,2023-06-22 00:13:29,,0,0,2023-07-18 23:15:13,1.37,156.69,판타지
214,1994,female,2023-12-23 12:49:08,,2,0,2024-04-28 16:52:35,0.78,63.48,음악
215,1990,male,2022-09-07 19:35:48,,1,0,2023-02-07 03:26:23,4.79,70.38,액션
216,1996,male,2022-12-25 13:02:37,2023-11-22 17:14:19,1,1,2023-12-01 21:55:43,3.13,101.32,범죄
217,1995,female,2023-12-13 19:54:30,,2,0,2024-06-16 03:21:54,2.04,99.8,음악
218,1992,male,2022-12-21 04:39:51,2023-09-06 00:02:56,0,1,2023-03-07 06:56:43,2.97,91.42,SF
219,2001,male,2024-01-10 05:42:38,2024-03-23 05:10:14,1,1,2024-03-20 17:18:25,2.0,41.2,스릴러
220,1995,female,2023-04-11 17:08:19,,0,0,2024-04-26 07:15:25,2.89,154.59,스포츠
221,1999,male,2023-07-27 00:27:04,,1,0,2024-01-30 20:15:55,2.14,62.36,음악
222,2000,female,2022-12-21 18:51:51,2023-07-02 16:47:05,1,1,2023-07-22 03:20:48,1.68,130.33,SF
223,2000,male,2023-04-08 13:58:27,,1,0,2024-02-28 22:23:11,2.55,104.74,멜로
224,1995,male,2023-10-11 13:00:40,2024-02-18 07:35:14,2,1,2024-04-01 01:19:49,2.98,49.81,범죄
225,2001,female,2024-02-23 01:14:36,2024-06-10 03:31:07,2,1,2024-05-19 20:11:40,3.22,170.41,SF
226,1991,male,2023-07-23 12:02:09,,1,0,2024-01-20 19:36:29,1.93,65.06,전쟁
227,1998,male,2023-01-26 02:35:02,2024-04-07 02:42:16,0,1,2023-11-13 18:55:52,2.17,93.27,코미디
228,1996,female,2023-07-02 21:14:38,2024-03-07 03:18:03,0,1,2023-08-22 11:06:06,3.68,95.47,멜로
229,2000,female,2024-02-29 03:19:16,,0,0,2024-03-11 10:42:26,3.0,32.51,뮤지컬
230,2002,female,2023-04-05 08:21:08,2023-12-16 20:20:23,1,1,2023-12-13 04:21:56,2.38,70.99,판타지
231,2000,male,2022-07-26 07:40:42,,2,0,2023-09-26 16:46:15,2.21,83.65,코미디
232,1992,male,2023-03-12 03:14:06,,0,0,2023-07-28 04:50:14,3.17,106.79,스릴러
233,1994,female,2022-09-11 13:16:15,,2,0,2023-05-01 01:15:23,3.19,129.38,액션
234,1989,male,2023-02-22 05:31:19,2024-01-18 13:42:02,2,1,2024-01-16 05:32:18,5.21,170.36,판타지
235,2000,female,2023-02-08 18:31:45,,1,0,2024-02-29 20:18:20,3.73,133.71,판타지
236,1994,female,2022-11-27 13:44:12,2023-04-06 09:59:33,1,1,2024-05-15 17:31:01,2.74,53.0,스포츠
237,1989,male,2024-05-06 21:33:11,2024-06-07 02:05:20,1,1,2024-06-09 15:20:06,4.57,85.91,멜로
238,2002,female,2023-03-17 22:26:38,2023-10-29 08:58:03,0,1,2024-07-01 20:17:56,1.45,148.74,스포츠
239,1996,male,2023-07-21 13:08:57,2024-06-05 10:21:23,0,1,2023-11-27 02:57:16,2.18,93.63,뮤지컬
240,1995,female,2024-01-07 17:13:26,2024-04-25 05:25:19,1,1,2024-02-02 19:03:20,2.8,56.83,코미디
241,1992,female,2023-12-29 03:41:28,,2,0,2024-02-09 09:31:16,2.76,103.84,액션
242,2002,male,2023-09-18 04:38:29,,0,0,2024-05-14 15:54:09,1.5,56.92,스릴러
243,1988,male,2023-03-02 10:28:01,2024-01-19 08:59:23,2,1,2023-06-11 13:10:09,3.69,94.76,스포츠
244,1995,female,2023-02-14 17:40:56,,2,0,2023-10-25 14:50:36,1.98,109.79,코미디
245,1999,female,2023-11-02 02:56:44,2024-07-02 14:45:15,2,1,2024-05-18 06:11:46,4.2,117.95,뮤지컬
246,1994,female,2023-09-05 01:24:04,,2,0,2024-02-04 03:16:53,2.81,107.31,SF
247,1996,female,2023-04-03 18:32:16,,1,0,2024-03-06 22:48:19,0.04,94.45,판타지
248,1999,male,2024-03-13 18:54:33,,2,0,2024-06-05 07:52:28,2.25,86.95,액션
249,1989,female,2024-01-03 07:37:46,2024-07-04 02:10:12,0,1,2024-02-11 04:08:15,1.8,103.48,판타지
250,1995,male,2024-07-01 16:10:22,2024-07-02 07:32:15,0,1,2024-07-09 09:17:42,1.43,84.27,스포츠
251,1999,female,2023-02-22 02:11:03,,2,0,2023-06-12 03:21:35,3.13,102.43,액션
252,1997,male,2023-04-28 20:27:12,,0,0,2024-06-29 10:21:38,3.25,120.69,멜로
253,1989,female,2023-03-06 04:36:50,,1,0,2023-04-20 19:32:25,1.45,165.08,스릴러
254,1988,male,2022-12-11 17:54:01,,1,0,2023-07-07 00:30:26,2.0,71.05,코미디
255,1997,male,2024-03-24 08:04:50,,2,0,2024-06-02 10:55:46,2.94,75.05,스포츠
256,2000,male,2022-07-29 09:07:17,2024-01-04 17:45:36,2,1,2023-11-05 17:58:56,2.0,28.64,범죄
257,1989,female,2022-10-21 17:57:25,,2,0,2024-02-20 11:00:48,3.05,85.55,SF
258,1993,female,2022-07-16 22:26:57,2023-11-15 18:11:05,2,1,2022-08-10 13:34:25,0.5,95.23,음악
259,1993,male,2023-12-11 18:41:53,2024-02-23 00:41:56,0,1,2024-04-25 15:08:37,0.35,58.59,스포츠
260,1997,male,2024-03-11 10:07:56,2024-06-23 16:14:18,1,1,2024-06-05 02:44:15,1.02,118.31,스릴러
261,1991,female,2022-09-14 04:27:25,,1,0,2023-12-15 04:03:36,2.38,74.27,스포츠
262,1989,male,2022-10-26 22:31:30,2023-06-16 20:41:16,2,1,2024-05-01 07:58:07,0.52,74.17,전쟁
263,1992,female,2024-01-21 08:24:09,,1,0,2024-03-26 01:52:45,0.14,92.21,액션
264,1989,female,2024-05-07 00:09:52,,1,0,2024-05-20 23:12:31,3.0,87.02,액션
265,1988,female,2023-04-29 13:49:18,2023-09-07 10:48:03,1,1,2024-01-12 11:53:16,3.08,98.11,뮤지컬
266,1997,male,2022-10-08 03:54:32,2023-01-03 15:32:34,0,1,2022-11-24 11:37:52,2.06,100.06,스릴러
267,1992,female,2023-01-11 14:44:04,,2,0,2023-05-12 23:53:39,1.41,141.91,액션
268,1991,male,2024-04-25 15:25:15,,1,0,2024-07-04 06:43:06,0.86,88.69,스포츠
269,1997,male,2022-12-31 16:11:14,,1,0,2023-03-31 08:16:04,4.39,100.11,음악
270,1996,female,2022-12-18 00:17:04,2023-03-02 01:58:46,1,1,2023-04-30 05:49:07,2.85,78.46,전쟁
271,1999,male,2023-08-14 13:01:03,,0,0,2024-04-03 18:35:22,3.35,70.94,액션
272,2001,female,2022-09-04 15:07:32,,0,0,2023-06-03 22:04:38,3.18,84.91,음악
273,1996,male,2023-07-27 21:55:48,,2,0,2023-11-21 07:06:17,1.81,91.27,SF
274,1999,male,2022-11-08 21:10:33,,1,0,2023-08-27 21:15:56,0.93,35.03,SF
275,1997,female,2023-03-16 06:30:19,,1,0,2023-09-08 22:52:37,2.92,108.91,SF
276,2000,male,2023-10-14 23:31:23,2024-02-12 05:59:48,2,1,2024-01-23 09:49:54,2.79,130.8,액션
277,1992,female,2023-05-25 08:56:00,2023-11-07 09:42:04,1,1,2024-02-06 12:02:36,3.41,99.68,범죄
278,1991,female,2023-03-23 19:23:56,2023-08-28 21:09:26,2,1,2023-11-24 07:07:38,4.85,122.33,코미디
279,2001,female,2024-05-08 00:00:19,2024-05-16 18:55:41,0,1,2024-05-30 01:44:18,0.78,133.17,스릴러
280,2001,female,2023-04-13 06:10:33,2023-04-18 13:32:39,1,1,2024-05-17 14:56:07,2.8,85.72,SF
281,1992,female,2024-03-31 09:41:16,2024-06-28 23:17:56,2,1,2024-05-01 12:16:10,3.48,137.39,스포츠
282,1989,female,2023-02-26 00:59:51,,2,0,2023-10-07 06:11:52,3.58,66.49,SF
283,1988,male,2024-05-21 19:33:31,2024-06-29 15:08:13,2,1,2024-06-04 14:25:11,2.67,60.91,스릴러
284,2002,male,2024-02-26 09:23:27,2024-05-12 00:10:39,2,1,2024-04-13 10:30:41,0.04,44.35,스릴러
285,1994,male,2023-03-28 16:36:18,2024-01-23 10:24:51,0,1,2023-06-18 17:59:05,2.36,84.07,액션
286,2001,female,2022-09-26 14:30:38,2023-01-31 05:59:03,2,1,2024-02-06 09:54:10,2.68,87.79,스포츠
287,1991,male,2023-02-21 23:41:53,2023-08-24 23:24:35,2,1,2023-12-09 02:30:50,2.03,89.51,스포츠
288,2000,female,2022-08-17 06:35:35,,2,0,2022-10-24 01:12:47,3.68,94.97,스릴러
289,1990,female,2024-07-02 01:24:26,2024-07-05 23:46:33,0,1,2024-07-02 01:31:52,2.93,94.57,멜로
290,1993,male,2024-01-25 07:21:56,2024-06-13 03:11:11,2,1,2024-04-27 08:21:42,3.34,143.99,스릴러
291,1988,female,2023-12-09 07:03:06,2024-03-24 10:39:07,1,1,2024-05-18 13:25:34,3.85,71.41,스릴러
292,1994,male,2023-07-06 16:22:29,,0,0,2023-08-30 09:32:12,2.16,107.32,멜로
293,1990,male,2023-09-16 06:36:09,2023-12-04 18:56:44,0,1,2024-06-09 14:53:18,2.53,39.13,음악
294,2000,male,2024-01-23 03:48:00,,0,0,2024-06-07 19:46:01,2.93,130.75,코미디
295,2002,male,2023-08-04 06:14:28,2023-11-05 17:44:34,2,1,2024-02-25 09:12:22,1.37,73.66,전쟁
296,1999,female,2023-12-06 14:56:57,2024-05-28 16:48:18,2,1,2024-02-29 23:23:05,1.98,96.6,음악
297,1998,female,2024-04-29 14:48:29,,0,0,2024-05-25 19:32:49,0.87,149.04,액션
298,1991,female,2022-11-08 20:28:02,,2,0,2023-03-04 06:02:19,3.45,87.39,SF
299,1999,female,2023-10-03 16:08:13,,2,0,2024-07-07 23:46:49,2.72,113.83,코미디
300,2000,female,2024-02-18 07:51:02,,0,0,2024-06-21 15:06:33,1.51,95.94,액션
301,1996,male,2022-11-19 16:26:50,,1,0,2024-02-08 17:22:24,2.57,115.7,음악
302,2000,female,2023-10-24 00:39:55,,2,0,2024-06-17 08:21:10,3.07,66.39,음악
303,1992,male,2023-04-11 09:14:48,2023-06-05 12:33:19,1,1,2024-01-06 18:55:02,1.83,75.54,SF
304,1997,female,2023-05-12 02:10:16,,1,0,2023-05-17 21:03:27,2.26,87.64,스포츠
305,2000,female,2022-12-17 11:51:26,,1,0,2023-11-22 23:47:18,1.79,73.29,스포츠
306,2002,male,2024-03-15 01:35:02,2024-03-23 23:51:11,2,1,2024-06-07 04:02:20,3.08,112.92,스릴러
307,1989,male,2023-09-22 08:39:36,,1,0,2024-02-22 02:39:19,2.09,68.64,전쟁
308,2000,male,2023-04-17 18:43:53,2023-07-05 18:44:13,2,1,2024-06-19 07:27:13,2.49,75.51,스릴러
309,1989,female,2024-04-13 00:31:18,,1,0,2024-05-15 21:12:24,2.45,129.81,음악
310,2001,female,2023-05-06 12:04:12,2023-12-30 20:53:15,0,1,2024-06-17 04:09:23,1.75,123.07,스릴러
311,2000,female,2023-05-03 05:16:44,,1,0,2023-05-10 09:30:43,2.92,135.06,SF
312,1992,male,2023-08-26 21:26:34,,1,0,2024-05-12 17:28:04,2.54,56.33,스릴러
313,2002,female,2022-12-21 05:23:26,,2,0,2023-10-09 19:52:28,2.78,82.35,멜로
314,1992,male,2024-01-24 06:47:38,2024-04-23 22:30:26,2,1,2024-04-28 13:35:59,2.79,30.32,SF
315,1993,male,2024-02-27 15:53:04,,2,0,2024-04-01 14:39:46,2.52,112.74,음악
316,1996,male,2023-09-25 18:43:09,2024-06-10 13:43:00,1,1,2024-03-18 13:53:39,2.94,152.01,판타지
317,1996,female,2023-07-17 22:48:34,2024-03-04 10:22:53,1,1,2024-03-10 16:43:14,4.15,100.39,액션
318,1989,male,2023-10-28 15:38:14,2024-04-25 00:15:08,0,1,2023-10-31 01:06:18,2.96,137.6,범죄
319,1991,female,2023-11-01 04:08:04,,2,0,2023-12-01 15:58:31,2.18,83.81,범죄
320,1994,male,2023-03-27 15:16:20,2024-05-02 23:10:01,2,1,2024-07-09 21:06:11,3.38,94.9,범죄
321,1991,male,2024-05-23 20:45:14,2024-06-12 17:58:17,0,1,2024-06-12 06:06:35,2.21,176.99,판타지
322,1990,female,2024-05-10 13:11:14,2024-07-02 15:56:50,1,1,2024-05-24 10:43:22,3.11,107.09,음악
323,2002,female,2024-02-02 05:54:41,2024-05-04 15:14:47,2,1,2024-03-15 00:45:45,3.32,87.91,스릴러
324,1996,female,2023-09-16 17:38:20,,2,0,2023-12-14 18:28:17,2.83,71.86,액션
325,1999,male,2024-01-25 23:29:38,2024-05-31 22:48:53,2,1,2024-05-30 10:13:02,1.31,94.07,액션
326,1997,female,2022-09-05 21:54:17,,0,0,2023-01-10 20:20:41,2.51,97.22,전쟁
327,1996,male,2023-08-30 06:52:02,,0,0,2024-01-19 05:38:00,2.31,88.43,SF
328,1996,male,2023-03-17 04:37:35,,0,0,2023-11-21 19:58:14,2.94,92.31,스릴러
329,1998,male,2023-07-23 09:10:07,2024-05-10 02:03:33,2,1,2023-09-22 23:23:21,1.55,101.61,SF
330,1997,male,2024-03-30 01:13:15,2024-05-18 07:09:34,1,1,2024-04-08 01:24:59,4.33,74.37,범죄
331,1998,female,2024-05-29 19:47:19,2024-06-23 08:16:12,0,1,2024-06-07 08:32:56,2.08,38.04,범죄
332,2001,female,2024-04-19 00:23:25,2024-05-06 05:47:36,0,1,2024-05-19 04:51:57,3.54,96.79,멜로
333,2000,male,2023-06-26 20:13:53,,0,0,2023-08-22 06:56:55,2.44,90.34,스포츠
334,1991,male,2023-03-07 21:45:20,2023-11-02 08:09:33,2,1,2023-12-17 06:07:08,3.03,139.3,SF
335,1995,male,2024-03-20 09:16:00,2024-06-04 18:10:37,1,1,2024-06-03 11:12:46,2.26,160.81,전쟁
336,1988,male,2023-11-25 12:01:35,2024-01-13 07:21:51,1,1,2024-05-08 08:08:17,1.66,74.11,SF
337,1999,male,2023-03-17 18:03:25,2024-07-08 22:10:37,2,1,2024-04-11 05:38:53,1.75,131.2,전쟁
338,1995,male,2023-06-25 02:02:54,,0,0,2024-01-30 03:40:35,2.99,104.43,음악
339,2002,female,2022-11-28 11:35:02,2024-03-31 12:29:04,0,1,2023-03-17 03:33:42,5.34,146.09,SF
340,1992,male,2024-06-11 11:18:54,2024-06-17 23:20:31,1,1,2024-06-14 17:02:36,1.64,93.5,코미디
341,1994,female,2022-08-26 21:47:31,,0,0,2023-09-02 06:01:58,2.6,133.81,음악
342,1995,female,2023-05-19 09:45:59,,2,0,2023-07-23 14:34:23,2.24,56.72,음악
343,1989,male,2022-08-04 06:32:45,2024-06-19 07:24:24,1,1,2023-12-25 11:06:24,1.91,110.56,코미디
344,1996,male,2023-06-04 20:05:28,2023-10-09 18:17:45,2,1,2024-05-19 01:47:34,3.77,72.88,스릴러
345,1998,female,2023-05-12 23:54:53,2024-07-05 00:18:48,0,1,2024-02-21 04:15:35,3.5,57.53,SF
346,1995,female,2023-03-02 07:35:01,,0,0,2023-03-17 00:42:23,2.27,40.58,뮤지컬
347,1998,male,2023-04-09 17:46:40,2024-01-07 10:25:06,0,1,2023-09-01 21:52:38,5.26,92.92,액션
348,2002,male,2023-06-19 05:02:33,2023-07-26 11:24:31,2,1,2024-05-15 13:30:40,2.81,101.29,판타지
349,1989,female,2023-05-27 08:34:09,,0,0,2024-02-07 21:09:19,1.03,94.32,전쟁
350,1995,male,2023-08-25 06:28:13,,0,0,2023-09-04 00:35:06,3.5,83.24,범죄
351,1991,male,2024-03-20 08:59:29,2024-06-07 18:58:13,0,1,2024-03-26 19:07:15,3.11,175.62,SF
352,1999,female,2023-12-08 02:51:09,2023-12-27 03:07:56,0,1,2024-03-10 14:32:21,2.62,114.0,멜로
353,2001,female,2023-12-28 21:53:56,,1,0,2024-03-04 03:43:46,1.66,102.83,뮤지컬
354,1995,female,2024-03-20 20:13:53,,2,0,2024-06-25 03:38:18,2.73,106.73,SF
355,2000,female,2022-08-23 15:30:17,2023-05-07 15:04:38,0,1,2024-05-09 12:50:52,1.67,125.03,스릴러
356,1999,male,2023-10-29 08:18:02,2024-06-04 11:33:42,0,1,2023-12-23 15:16:40,2.4,93.37,판타지
357,1998,female,2023-12-07 03:55:29,2024-01-25 12:27:53,0,1,2024-02-05 23:33:55,2.51,102.89,스릴러
358,1992,male,2024-05-26 17:55:41,2024-05-30 13:54:13,0,1,2024-07-05 23:51:09,2.79,140.96,스포츠
359,1996,male,2023-04-29 16:48:41,2024-02-22 20:33:00,2,1,2024-06-10 13:22:43,0.57,74.72,SF
360,2002,male,2023-01-06 17:58:05,,2,0,2023-06-19 19:44:11,3.99,89.72,판타지
361,1991,male,2023-01-03 04:31:02,,0,0,2023-03-23 12:12:14,2.65,136.56,SF
362,2001,female,2022-11-04 07:54:09,,0,0,2024-04-02 02:46:09,1.68,71.78,코미디
363,1998,male,2023-07-26 22:16:15,2023-12-09 06:06:18,1,1,2024-03-27 06:15:34,1.4,98.6,SF
364,2002,female,2023-08-12 12:48:51,,0,0,2023-12-04 20:30:02,3.72,93.92,스릴러
365,1996,female,2024-01-07 20:25:30,,0,0,2024-04-06 02:39:26,3.68,98.27,스포츠
366,1989,male,2022-07-13 07:39:59,,1,0,2023-04-01 05:16:43,1.44,136.02,액션
367,1990,male,2024-01-01 17:36:14,2024-01-29 22:05:20,1,1,2024-02-04 08:08:14,2.35,78.72,음악
368,2002,female,2023-11-13 22:12:08,2023-12-28 19:08:02,0,1,2024-06-10 23:55:29,1.55,75.76,범죄
369,1988,female,2024-03-17 02:24:26,,1,0,2024-05-30 15:01:54,4.08,103.75,음악
370,1993,male,2023-10-27 03:38:04,2024-04-30 10:28:48,1,1,2024-01-19 15:07:19,0.42,101.08,스릴러
371,1996,female,2023-05-14 13:59:06,,0,0,2024-05-10 22:18:00,0.97,94.15,액션
372,1989,female,2023-12-17 02:05:48,,2,0,2024-05-24 08:58:10,1.9,158.97,코미디
373,1999,female,2023-02-02 13:07:09,2023-09-14 04:40:20,1,1,2023-04-28 09:50:27,2.12,109.01,코미디
374,1993,female,2024-06-17 22:04:53,,1,0,2024-06-22 19:47:25,2.54,92.6,스포츠
375,2000,female,2023-06-18 04:04:43,2024-04-24 18:07:55,0,1,2023-12-20 09:15:49,1.81,128.57,스포츠
376,2002,male,2023-05-19 10:27:42,,0,0,2023-10-29 08:09:01,2.0,73.22,전쟁
377,1988,female,2023-12-29 14:54:01,2024-07-03 14:37:00,0,1,2024-04-03 06:00:35,2.55,31.78,뮤지컬
378,2000,male,2022-09-10 22:08:16,2023-07-05 22:11:23,0,1,2024-07-01 05:09:32,2.14,77.05,스포츠
379,1990,male,2024-02-28 13:14:08,2024-05-22 15:18:39,1,1,2024-07-03 10:24:09,2.26,97.29,뮤지컬
380,2002,male,2022-12-10 06:46:26,,1,0,2024-04-27 14:58:01,2.67,80.07,스릴러
381,1999,female,2024-06-02 23:20:39,,2,0,2024-06-18 19:28:00,2.78,70.62,음악
382,1988,male,2024-01-14 19:27:51,,2,0,2024-05-13 03:24:20,2.14,163.52,멜로
383,1994,male,2023-04-08 10:14:43,2023-10-04 12:34:56,0,1,2023-06-09 10:41:35,2.8,117.49,멜로
384,1989,female,2023-09-06 02:50:27,2024-01-07 01:14:30,0,1,2024-01-09 12:59:23,0.78,62.61,멜로
385,1997,female,2023-09-12 18:10:28,2023-09-28 18:37:28,2,1,2024-04-26 07:47:37,2.47,109.71,판타지
386,1993,male,2022-08-10 11:32:59,,2,0,2023-06-17 21:23:21,3.15,86.52,판타지
387,1988,male,2023-11-15 03:39:22,2024-06-08 15:47:44,1,1,2024-05-21 23:28:53,0.03,154.16,뮤지컬
388,1999,female,2024-05-17 23:42:10,2024-05-29 06:49:02,0,1,2024-07-05 12:12:44,1.02,135.28,전쟁
389,1999,male,2024-01-09 02:08:57,,1,0,2024-04-09 05:38:14,2.64,105.16,코미디
390,1995,female,2023-07-16 04:44:16,2023-08-12 18:22:17,0,1,2024-02-13 23:22:44,1.82,108.72,전쟁
391,1993,male,2023-08-03 19:20:21,,2,0,2024-04-02 04:17:10,3.67,94.95,멜로
392,1997,female,2023-11-16 07:51:06,2024-03-19 04:06:36,1,1,2023-12-27 04:51:16,2.34,57.76,범죄
393,1991,male,2023-07-11 20:44:48,,0,0,2023-08-22 09:23:47,2.17,139.93,판타지
394,1997,female,2023-05-15 11:10:51,2024-04-07 19:48:54,0,1,2024-01-26 03:43:56,2.79,74.68,멜로
395,1992,female,2022-09-12 04:28:44,2023-07-09 06:39:00,0,1,2023-05-28 05:19:19,3.56,133.77,SF
396,1989,male,2023-01-23 17:25:53,,0,0,2023-01-25 11:10:03,3.17,91.81,스포츠
397,1988,female,2024-05-02 00:25:59,2024-06-06 19:24:46,2,1,2024-06-09 07:24:47,2.74,131.91,액션
398,1991,male,2022-12-14 10:32:21,,1,0,2023-11-22 17:58:20,2.49,93.96,코미디
399,1989,female,2022-12-21 02:31:45,,2,0,2023-04-06 07:45:16,4.21,92.54,전쟁
400,1995,male,2024-01-07 07:14:36,,0,0,2024-06-30 12:22:10,1.58,86.19,멜로
401,1990,female,2022-09-06 07:23:44,,2,0,2023-02-17 00:14:02,3.69,134.26,액션
402,1990,male,2022-09-10 13:52:53,,0,0,2023-09-16 22:57:17,1.5,77.82,코미디
403,2000,female,2023-11-19 15:27:25,2024-04-29 14:55:06,2,1,2024-07-10 03:09:16,3.33,79.87,뮤지컬
404,1993,male,2024-04-26 17:54:47,,2,0,2024-05-31 05:25:28,1.2,72.63,판타지
405,1994,female,2023-06-19 05:15:08,,0,0,2023-09-04 23:44:02,1.54,118.8,SF
406,1995,male,2023-08-10 18:16:55,2023-08-30 01:00:20,1,1,2024-03-26 11:16:33,2.22,79.71,스릴러
407,1993,female,2024-05-13 18:48:19,2024-05-26 07:56:55,1,1,2024-06-26 23:22:41,4.78,103.69,전쟁
408,1997,female,2022-12-30 12:29:44,2023-04-21 03:08:40,2,1,2023-08-01 07:29:31,4.51,80.64,전쟁
409,1997,male,2023-11-30 23:22:00,,2,0,2024-01-03 22:32:32,4.33,83.53,스릴러
410,1994,male,2024-01-01 13:55:01,2024-03-12 06:44:43,1,1,2024-06-06 12:45:15,1.13,150.31,멜로
411,1993,female,2023-12-13 22:21:25,2024-05-23 23:57:29,2,1,2024-02-04 16:54:16,4.02,65.76,음악
412,1998,female,2022-10-19 12:35:59,,1,0,2024-06-19 08:02:47,2.86,95.24,멜로
413,1995,male,2023-06-06 17:18:47,2023-06-16 03:50:24,2,1,2024-02-20 23:24:11,2.17,38.47,스포츠
414,1994,male,2023-04-08 21:03:40,2024-06-15 17:05:03,1,1,2023-12-18 17:19:34,1.59,123.04,스포츠
415,1994,female,2022-10-07 13:06:58,2023-03-10 10:39:56,2,1,2022-11-11 19:43:19,1.99,91.72,음악
416,1988,male,2024-05-07 12:01:02,,2,0,2024-06-21 16:58:03,2.72,88.68,액션
417,1993,male,2024-06-03 09:54:39,2024-07-06 00:54:03,0,1,2024-07-01 20:11:59,2.81,58.03,범죄
418,2002,female,2022-12-23 16:11:19,,1,0,2023-02-14 13:17:31,3.49,83.29,SF
419,1988,female,2023-08-11 10:20:35,,1,0,2024-05-22 17:37:11,2.14,125.16,코미디
420,1990,male,2023-11-30 19:20:05,2023-12-23 02:44:10,0,1,2024-02-26 23:01:30,2.67,157.71,판타지
421,2001,male,2022-09-29 22:40:33,2023-12-20 03:23:23,2,1,2023-01-20 14:57:07,1.16,32.93,스릴러
422,2002,female,2022-10-15 19:17:32,,0,0,2024-07-04 09:57:38,2.42,128.54,코미디
423,1990,female,2024-02-15 20:35:40,,1,0,2024-06-28 01:38:23,2.82,89.79,SF
424,1999,male,2023-05-05 01:14:21,2023-10-22 01:38:33,2,1,2024-03-22 11:53:23,2.17,142.31,멜로
425,1997,male,2022-10-01 19:48:04,,0,0,2023-03-03 10:21:55,3.86,109.8,액션
426,1997,male,2023-08-16 22:34:59,,2,0,2023-11-04 18:30:31,3.16,134.74,음악
427,2000,female,2022-12-21 22:42:55,,0,0,2023-03-18 17:56:07,1.87,79.96,멜로
428,1996,female,2023-06-03 03:24:04,,0,0,2024-04-22 23:44:54,3.46,41.92,코미디
429,1995,male,2022-09-02 00:33:27,,0,0,2023-09-05 23:31:47,2.3,153.62,SF
430,1998,female,2023-02-10 15:46:06,2023-09-14 18:39:55,2,1,2024-04-06 10:00:46,1.94,82.2,SF
431,1998,female,2023-06-29 23:56:13,2023-10-17 16:30:45,1,1,2023-10-06 20:41:45,2.72,80.32,범죄
432,1998,female,2022-10-22 22:30:13,,2,0,2023-12-17 03:44:27,2.02,40.61,멜로
433,1990,female,2023-07-31 22:48:18,2023-11-10 13:40:27,1,1,2024-05-27 16:59:17,3.06,54.29,음악
434,2001,male,2022-09-28 19:08:07,,0,0,2024-03-27 00:54:20,1.96,91.95,음악
435,1988,male,2023-03-06 06:34:09,2023-05-24 00:37:41,1,1,2024-03-06 04:22:45,3.08,116.71,전쟁
436,1995,female,2022-09-29 03:03:51,,0,0,2023-07-09 09:21:00,2.21,112.12,스포츠
437,1996,female,2024-04-16 13:55:38,2024-07-07 04:04:18,1,1,2024-06-12 19:11:06,1.39,120.31,스릴러
438,1989,female,2024-04-20 07:54:38,,2,0,2024-05-12 19:38:54,3.18,126.43,코미디
439,1988,female,2024-04-09 15:08:10,,2,0,2024-04-24 02:55:48,2.67,80.08,전쟁
440,1988,female,2022-08-14 09:11:59,2023-10-24 10:45:27,1,1,2023-09-16 18:47:32,3.8,96.36,코미디
441,1989,female,2024-06-20 08:51:19,,2,0,2024-06-23 11:58:22,2.2,102.05,코미디
442,1997,female,2024-07-07 08:45:30,2024-07-09 18:26:35,0,1,2024-07-07 17:15:20,2.29,69.1,스릴러
443,1994,female,2023-10-22 11:39:59,2024-02-24 17:01:12,2,1,2024-01-13 02:35:25,1.61,121.77,액션
444,1996,male,2023-04-26 15:29:43,,0,0,2024-02-03 17:02:26,3.44,71.37,스포츠
445,1989,female,2022-08-11 16:59:47,,0,0,2022-09-10 05:25:31,3.26,91.41,멜로
446,1992,male,2024-03-22 22:20:05,2024-06-24 02:09:09,0,1,2024-04-18 01:32:30,0.95,87.41,코미디
447,1992,female,2023-09-21 22:45:27,,2,0,2023-12-30 18:05:24,2.45,116.24,스릴러
448,1988,female,2022-08-18 22:24:25,2023-01-15 10:15:16,2,1,2023-06-11 17:11:55,2.68,126.43,스포츠
449,1996,female,2024-06-25 00:21:48,2024-07-09 02:05:02,2,1,2024-07-03 20:28:28,1.09,107.72,액션
450,1989,male,2023-03-27 14:36:46,,0,0,2024-06-06 10:58:22,4.48,80.29,범죄
451,1996,female,2023-06-19 15:34:00,,0,0,2023-11-01 10:51:32,1.93,106.14,범죄
452,1998,male,2024-03-09 23:50:55,,2,0,2024-05-22 09:13:02,4.97,106.8,판타지
453,2000,female,2024-04-08 08:14:38,,2,0,2024-05-18 12:56:22,1.44,123.23,코미디
454,2002,female,2024-05-27 13:58:46,,1,0,2024-06-24 13:03:24,3.58,79.39,스릴러
455,2002,male,2024-05-29 06:36:14,,1,0,2024-06-14 08:24:47,1.58,106.88,뮤지컬
456,1988,female,2023-06-13 05:42:13,,1,0,2023-10-12 06:50:34,2.64,143.79,판타지
457,1990,female,2022-07-17 18:39:00,2024-03-10 17:35:12,1,1,2023-04-29 21:11:28,2.28,144.97,음악
458,1998,female,2024-03-17 14:06:15,2024-04-28 21:25:07,2,1,2024-05-04 15:34:35,2.35,93.13,전쟁
459,2001,female,2023-04-10 09:17:34,,1,0,2023-08-12 08:09:16,3.59,109.02,음악
460,1994,female,2023-09-11 11:27:24,2023-12-29 21:45:11,2,1,2024-01-03 14:03:41,3.44,68.42,판타지
461,1996,female,2023-12-09 21:03:32,2024-04-14 05:24:48,0,1,2024-03-03 06:15:35,2.63,47.57,판타지
462,1997,male,2022-10-28 17:55:29,2024-03-22 19:02:56,1,1,2024-02-29 21:19:18,1.42,53.23,범죄
463,2000,male,2024-02-24 08:55:50,2024-05-22 12:06:45,2,1,2024-03-01 13:07:25,2.06,44.05,스릴러
464,1997,male,2022-08-10 03:51:19,2023-05-16 21:39:07,1,1,2023-12-04 04:24:45,2.62,61.25,액션
465,1998,female,2023-04-22 19:22:54,2023-09-08 15:42:53,0,1,2023-06-05 00:36:09,3.69,84.08,범죄
466,1990,female,2024-07-04 18:18:26,,1,0,2024-07-06 23:20:42,2.4,53.07,뮤지컬
467,1997,male,2023-03-02 03:29:58,,1,0,2023-12-18 07:59:55,2.0,119.27,코미디
468,2002,female,2023-06-06 23:31:36,2023-10-18 00:44:52,2,1,2023-08-15 23:42:02,2.28,102.43,멜로
469,2001,male,2024-03-21 14:34:18,,2,0,2024-06-29 21:41:46,1.96,120.94,뮤지컬
470,1991,male,2024-02-09 17:08:41,2024-02-17 03:41:42,2,1,2024-05-20 07:31:06,2.74,71.68,코미디
471,2001,male,2023-08-03 20:52:46,,1,0,2024-01-03 21:27:30,2.09,81.81,전쟁
472,2000,male,2023-09-21 05:51:50,,0,0,2024-06-06 22:36:39,1.8,81.4,음악
473,1992,male,2023-01-02 13:06:26,2023-03-14 09:43:01,2,1,2023-11-05 10:48:44,3.3,82.0,SF
474,1992,male,2022-11-01 03:11:22,,1,0,2024-06-26 11:57:17,3.39,27.85,뮤지컬
475,1997,female,2022-07-12 19:47:51,,1,0,2024-05-14 22:49:20,3.95,80.75,액션
476,1995,male,2024-05-14 09:25:00,,0,0,2024-06-02 07:03:48,3.06,75.81,스릴러
477,1991,female,2023-03-25 13:46:42,,1,0,2024-01-31 03:30:12,3.64,81.67,스릴러
478,1999,female,2024-03-16 16:45:55,2024-07-05 06:58:50,1,1,2024-05-31 18:50:03,2.42,113.78,SF
479,1994,female,2022-12-05 20:27:37,,2,0,2023-05-24 21:35:39,2.49,105.4,멜로
480,1995,male,2024-06-24 07:18:32,2024-06-25 21:59:23,1,1,2024-06-25 12:22:24,2.08,72.55,뮤지컬
481,1997,male,2023-05-18 16:31:20,2024-03-27 12:11:08,2,1,2024-02-03 06:21:10,3.26,104.1,SF
482,2002,male,2024-03-04 18:29:21,2024-03-09 03:56:15,0,1,2024-04-12 22:54:33,2.12,55.45,전쟁
483,1997,male,2023-10-12 03:47:44,2024-04-15 15:11:10,2,1,2023-12-25 11:18:27,2.37,108.99,음악
484,1991,male,2022-09-07 16:31:25,,2,0,2023-03-13 07:39:54,3.0,85.76,전쟁
485,1998,female,2022-07-19 13:45:23,2024-01-17 19:32:48,2,1,2024-04-06 18:21:12,1.09,159.08,전쟁
486,1988,female,2023-04-12 11:24:32,2023-09-24 23:40:42,0,1,2023-08-22 19:08:29,1.95,62.71,뮤지컬
487,1997,male,2022-07-16 13:27:21,,1,0,2024-02-29 07:04:03,2.16,103.61,스릴러
488,2001,female,2022-12-05 01:02:32,,0,0,2023-09-07 06:36:15,2.22,112.62,액션
489,1997,female,2023-04-17 13:43:46,,0,0,2023-09-18 04:51:19,2.91,86.59,뮤지컬
490,1995,male,2024-03-16 01:20:27,,2,0,2024-04-19 02:11:22,2.36,66.04,음악
491,1989,female,2023-06-11 14:18:11,,0,0,2024-01-06 17:47:51,2.24,61.82,코미디
492,2001,male,2023-05-15 03:01:32,2024-04-09 10:34:55,0,1,2024-06-16 16:43:10,2.36,115.37,뮤지컬
493,1990,female,2022-10-02 00:17:45,2023-11-24 20:13:47,2,1,2024-05-26 11:56:53,3.83,98.82,음악
494,2000,male,2023-07-21 10:29:57,2023-09-23 07:53:36,2,1,2024-06-16 18:36:58,4.21,134.97,멜로
495,1991,female,2023-10-30 18:51:48,2024-01-15 23:08:47,0,1,2024-03-17 21:10:18,1.7,83.8,SF
496,1999,male,2022-08-11 14:16:33,2023-12-19 02:03:17,0,1,2024-02-09 09:42:46,2.79,150.17,액션
497,1991,male,2023-06-20 06:18:42,,1,0,2023-07-27 18:12:23,4.47,128.07,전쟁
498,1998,male,2023-06-24 05:20:27,,0,0,2024-03-10 18:06:51,1.87,107.04,범죄
499,1988,male,2023-07-26 08:14:03,,1,0,2023-11-14 01:31:56,3.92,148.91,전쟁
500,1990,male,2023-12-27 12:57:56,,2,0,2024-03-01 03:46:07,0.2,72.84,범죄
501,1998,female,2022-12-14 05:13:39,2023-08-16 02:05:16,1,1,2023-12-24 17:10:51,1.47,58.68,스릴러
502,1989,male,2023-07-26 06:41:28,2023-10-26 13:14:36,2,1,2024-02-13 09:56:46,3.86,124.32,코미디
503,1998,male,2024-04-01 11:04:15,2024-04-05 22:58:43,2,1,2024-06-15 22:53:25,1.46,26.22,스릴러
504,1988,male,2022-08-21 07:46:35,,2,0,2024-04-24 15:58:00,3.01,112.09,음악
505,1990,female,2022-12-07 17:18:20,2023-01-14 23:12:43,0,1,2023-03-09 03:21:16,3.79,101.67,판타지
506,1990,female,2023-04-07 10:39:20,2024-04-16 02:39:16,2,1,2024-02-08 23:06:43,2.02,83.25,SF
507,1999,female,2023-01-18 10:54:40,,2,0,2024-02-01 07:35:19,1.69,117.82,스릴러
508,1992,female,2024-05-28 05:06:28,2024-06-22 22:11:22,2,1,2024-06-02 05:53:00,1.98,68.02,스릴러
509,1998,female,2023-08-02 12:18:22,2024-03-11 00:00:54,0,1,2023-11-20 02:34:06,2.95,122.77,스릴러
510,1994,male,2024-03-10 01:03:44,,2,0,2024-05-02 12:58:48,2.32,78.41,코미디
511,1994,female,2023-06-18 02:36:29,2023-08-23 21:34:06,2,1,2023-11-11 09:45:50,3.08,167.88,SF
512,1998,female,2024-01-24 13:29:39,,1,0,2024-03-10 07:06:13,3.52,82.49,스릴러
513,1990,male,2024-06-14 16:24:42,,2,0,2024-07-10 10:17:09,2.91,105.71,스릴러
514,1990,male,2023-06-06 18:30:27,2023-08-16 01:36:36,0,1,2023-11-20 19:27:45,2.13,102.74,스릴러
515,1990,male,2023-03-25 15:52:35,,1,0,2023-07-10 16:24:49,1.61,110.82,SF
516,1990,female,2022-11-26 08:21:09,2023-11-08 05:58:25,1,1,2023-05-22 17:36:36,3.33,97.9,뮤지컬
517,1998,female,2023-10-07 05:27:20,2024-02-03 16:47:37,1,1,2024-01-24 17:28:17,1.28,149.87,뮤지컬
518,1992,male,2023-02-27 13:01:37,,2,0,2023-08-14 10:44:03,2.08,113.45,SF
519,1994,male,2022-10-13 17:35:53,,1,0,2023-05-27 03:02:11,2.14,136.67,스릴러
520,1995,male,2023-11-27 06:06:21,,2,0,2024-04-29 13:52:39,2.92,127.3,범죄
521,1993,male,2022-07-24 03:31:22,,2,0,2024-05-02 23:09:52,2.59,50.16,전쟁
522,2001,female,2024-06-01 11:30:29,,0,0,2024-06-11 10:05:42,2.19,118.3,멜로
523,1996,male,2023-02-06 15:44:03,2023-05-22 06:10:14,2,1,2023-08-17 22:32:12,1.6,87.81,멜로
524,1992,female,2022-11-10 11:54:30,,2,0,2023-04-05 20:20:57,2.28,131.72,스포츠
525,1991,male,2023-06-26 20:07:37,2023-11-09 23:38:40,0,1,2024-01-25 01:43:07,2.87,78.38,음악
526,1988,male,2023-09-21 23:23:26,,1,0,2023-11-16 18:57:14,2.69,159.79,스포츠
527,2000,male,2023-08-16 07:56:21,2023-12-10 06:50:20,1,1,2024-06-17 20:31:52,3.7,97.54,스릴러
528,1998,female,2022-09-01 06:51:37,2023-01-06 16:51:11,2,1,2024-04-06 13:18:37,0.89,171.65,뮤지컬
529,1990,male,2023-11-07 05:22:06,,0,0,2024-06-28 09:10:13,3.78,116.65,전쟁
530,1999,male,2024-04-01 02:42:09,,0,0,2024-07-02 03:47:06,2.98,84.26,스릴러
531,1999,female,2023-01-27 17:57:07,2023-07-22 10:21:12,1,1,2023-06-13 18:12:10,0.45,55.72,멜로
532,1996,female,2023-01-13 05:27:58,2023-02-08 18:48:29,1,1,2023-01-29 18:10:10,0.88,88.17,코미디
533,1998,male,2022-12-13 08:46:13,2024-03-12 21:01:28,0,1,2023-04-29 16:16:32,2.19,92.49,판타지
534,1993,female,2023-10-01 03:00:19,,1,0,2024-06-09 14:26:51,3.5,79.87,코미디
535,1989,female,2023-03-14 08:07:29,,0,0,2023-08-16 00:45:14,3.28,131.49,뮤지컬
536,1992,female,2024-01-28 03:12:09,,2,0,2024-03-19 04:16:37,3.18,174.93,범죄
537,1994,male,2023-03-05 22:37:48,,1,0,2023-08-03 08:17:33,1.65,118.63,코미디
538,1997,male,2023-12-02 20:10:13,,0,0,2024-03-21 17:04:06,1.4,85.63,스릴러
539,2000,male,2024-01-05 08:30:51,,2,0,2024-03-17 03:07:56,2.91,88.03,액션
540,1995,male,2023-10-14 10:51:59,2024-04-18 21:35:35,1,1,2024-01-25 19:07:26,1.3,111.6,판타지
541,1988,male,2024-05-05 01:12:48,,1,0,2024-06-25 16:32:07,1.54,137.85,전쟁
542,1995,female,2023-06-22 05:21:38,2024-04-14 15:56:31,0,1,2024-01-06 08:23:18,3.61,112.4,스포츠
543,1988,male,2024-07-02 12:22:08,2024-07-07 18:19:07,0,1,2024-07-02 23:36:14,1.62,42.08,멜로
544,1991,female,2023-04-09 15:10:12,,2,0,2023-09-26 06:41:43,4.34,162.28,SF
545,1997,male,2023-09-03 16:07:59,,0,0,2024-02-07 12:08:48,2.71,73.62,전쟁
546,1993,male,2024-05-28 04:47:10,,1,0,2024-05-29 01:56:15,0.96,91.11,액션
547,2001,male,2023-07-07 20:08:25,2023-08-18 08:06:17,2,1,2023-10-19 22:19:24,4.02,42.77,스릴러
548,1992,female,2024-02-08 00:19:50,2024-05-25 19:46:23,1,1,2024-05-03 05:48:26,3.6,109.93,액션
549,1989,female,2023-06-10 04:16:05,2024-05-09 16:11:08,0,1,2023-07-22 05:04:03,1.56,33.29,스포츠
550,2001,female,2023-02-20 08:49:47,,2,0,2023-05-06 04:20:40,0.52,144.52,SF
551,1998,female,2022-09-09 09:28:16,,1,0,2023-07-16 09:08:27,1.37,156.28,판타지
552,1988,male,2023-12-23 19:58:57,2024-06-21 01:33:14,0,1,2024-04-13 11:33:51,2.2,60.7,판타지
553,1995,female,2024-02-14 22:54:26,,2,0,2024-06-21 15:50:10,2.03,50.31,스포츠
554,2002,male,2022-12-08 01:02:55,2023-05-10 14:00:40,0,1,2023-02-03 00:12:45,2.86,55.76,스릴러
555,1991,female,2023-01-11 23:36:07,,0,0,2023-06-18 20:33:54,2.4,51.42,스릴러
556,1996,male,2024-02-16 09:42:36,,1,0,2024-03-22 07:53:33,1.99,54.64,액션
557,1992,female,2022-12-13 08:15:44,,1,0,2024-02-22 18:17:17,2.74,81.76,음악
558,1990,male,2023-04-08 10:49:15,,1,0,2024-01-13 23:03:33,1.65,64.77,멜로
559,1995,female,2023-10-13 16:54:07,,0,0,2023-10-21 10:45:39,0.9,120.56,코미디
560,1991,female,2024-04-27 20:21:41,2024-07-02 12:02:54,0,1,2024-06-08 08:44:21,2.61,88.3,뮤지컬
561,1994,male,2024-05-21 01:40:39,2024-05-21 08:00:11,1,1,2024-06-25 19:21:42,4.01,95.26,멜로
562,1993,male,2022-08-02 22:01:08,2023-07-02 17:16:02,2,1,2022-12-05 08:30:36,4.35,142.81,전쟁
563,1990,female,2023-01-05 14:57:20,,0,0,2023-05-30 02:30:13,1.46,118.0,코미디
564,2002,female,2023-06-10 09:33:33,,1,0,2024-04-29 08:42:53,2.13,107.97,코미디
565,1997,male,2023-10-11 02:45:21,2023-12-04 23:58:39,2,1,2024-01-14 06:37:27,3.13,89.8,판타지
566,1997,female,2023-01-09 06:26:28,,2,0,2023-08-22 02:09:16,2.69,152.44,액션
567,1996,female,2023-11-05 22:40:02,2023-12-09 01:58:04,0,1,2024-01-19 04:09:01,2.0,115.44,SF
568,1992,female,2024-01-06 10:10:33,2024-04-01 00:50:49,2,1,2024-04-19 06:08:46,2.82,83.02,스포츠
569,1990,male,2023-04-28 10:49:55,,1,0,2023-07-16 21:43:28,1.88,93.96,코미디
570,1999,male,2024-06-12 08:23:31,,1,0,2024-07-02 13:14:21,1.76,109.34,SF
571,1994,male,2022-09-05 14:13:31,,1,0,2023-05-30 00:42:51,3.75,112.83,뮤지컬
572,2002,female,2023-04-30 15:51:35,2024-04-04 21:16:32,1,1,2023-12-05 11:44:09,3.46,91.06,스포츠
573,1993,female,2022-09-26 22:06:09,2024-01-07 07:02:52,2,1,2024-04-27 08:39:32,3.26,79.59,뮤지컬
574,2001,female,2023-06-25 16:49:28,2024-06-14 18:46:28,2,1,2023-10-13 08:19:49,0.4,128.25,스릴러
575,1996,female,2023-04-09 08:14:56,,0,0,2024-05-05 06:29:51,1.89,123.55,스포츠
576,1994,female,2022-08-26 01:43:34,2023-06-07 12:12:49,1,1,2022-11-27 10:24:40,3.03,99.82,액션
577,1995,male,2023-05-27 08:59:32,,2,0,2023-06-28 04:51:33,3.65,86.33,스릴러
578,1991,male,2024-02-19 16:04:20,,0,0,2024-03-26 13:46:10,3.24,124.98,스릴러
579,2002,female,2023-11-05 18:44:42,2023-11-11 06:30:49,0,1,2024-02-10 12:23:53,2.93,189.14,멜로
580,1996,female,2023-03-22 10:25:35,2024-03-15 16:06:10,0,1,2023-08-22 04:29:16,2.54,118.64,판타지
581,1989,female,2024-02-12 03:20:26,2024-05-25 09:37:22,0,1,2024-07-01 05:58:45,2.86,74.73,음악
582,2002,male,2022-12-28 15:21:55,2023-01-25 11:05:22,0,1,2023-07-13 12:06:00,3.08,159.73,코미디
583,1994,female,2023-06-06 17:37:49,,2,0,2024-04-17 23:38:38,3.08,109.07,전쟁
584,1992,male,2022-08-09 10:55:23,2023-06-02 03:53:14,1,1,2023-03-13 15:07:04,2.4,139.27,음악
585,2001,female,2024-03-08 11:27:42,2024-03-27 23:03:33,1,1,2024-05-24 02:05:29,2.22,124.01,스포츠
586,1998,female,2024-01-17 17:29:26,,2,0,2024-02-28 02:30:32,2.08,103.05,뮤지컬
587,2001,male,2023-11-27 19:19:37,,1,0,2024-02-13 21:54:31,1.51,49.31,액션
588,1999,male,2023-04-19 12:36:16,,1,0,2023-10-26 05:41:21,3.47,129.43,액션
589,2001,male,2023-04-20 20:38:44,,1,0,2024-05-07 09:43:10,2.77,88.15,판타지
590,1989,female,2023-10-08 09:44:39,,1,0,2024-02-08 11:41:41,3.02,60.8,음악
591,1994,male,2022-09-30 01:58:24,,0,0,2023-12-21 16:46:52,3.39,98.81,스릴러
592,1994,male,2023-02-05 12:06:26,2023-10-13 09:28:57,1,1,2023-08-21 22:49:09,2.34,78.26,SF
593,1989,male,2022-10-17 07:15:58,2022-12-01 19:01:22,0,1,2023-11-23 03:59:06,2.09,166.74,뮤지컬
594,1988,female,2024-05-01 19:35:02,,2,0,2024-05-16 16:09:11,2.09,91.18,스릴러
595,2001,female,2022-09-03 21:37:45,,1,0,2023-08-13 00:34:55,2.56,131.77,멜로
596,1992,female,2023-06-28 22:37:10,,2,0,2024-01-17 20:31:07,1.57,117.26,액션
597,1998,male,2022-12-31 16:56:15,2023-03-12 20:44:36,2,1,2023-07-28 23:11:53,2.72,87.27,코미디
598,1997,male,2024-03-24 03:13:17,2024-05-13 16:23:26,2,1,2024-05-01 10:42:52,2.2,116.04,뮤지컬
599,2001,female,2024-07-01 06:41:44,2024-07-03 23:04:28,0,1,2024-07-06 02:57:03,1.33,88.69,범죄
600,1996,female,2024-05-26 21:51:04,2024-06-14 05:09:26,1,1,2024-06-21 01:17:59,0.0,69.45,음악
601,1993,male,2023-02-20 19:18:09,2024-03-29 10:49:37,1,1,2023-03-19 04:28:48,2.07,153.69,SF
602,1990,male,2024-01-25 19:19:09,,0,0,2024-03-06 07:56:09,3.44,36.52,판타지
603,2001,male,2024-03-15 03:17:36,2024-05-09 20:33:36,0,1,2024-03-23 08:10:29,1.61,83.51,뮤지컬
604,1997,female,2024-06-19 20:35:18,2024-07-02 15:15:47,2,1,2024-07-05 16:58:49,1.95,142.46,판타지
605,1998,female,2023-03-09 04:35:56,,2,0,2024-06-03 14:02:10,3.45,103.16,멜로
606,1990,female,2024-06-21 18:43:17,2024-06-29 09:13:04,2,1,2024-06-24 07:47:02,2.8,99.4,멜로
607,1992,female,2022-10-21 14:52:42,2023-11-07 16:47:22,1,1,2023-05-02 04:55:03,1.41,124.33,전쟁
608,1999,male,2024-04-10 17:13:57,,2,0,2024-06-08 05:28:33,3.27,136.97,전쟁
609,2001,female,2022-08-08 09:59:36,2023-09-03 00:49:37,2,1,2024-03-20 11:23:55,2.32,99.96,스릴러
610,1996,male,2024-03-11 12:09:43,2024-04-11 22:20:20,2,1,2024-03-12 09:56:58,2.05,111.13,액션
611,1994,female,2024-02-21 23:01:59,2024-06-28 12:30:55,1,1,2024-04-29 19:53:06,3.5,109.96,음악
612,1999,male,2022-10-07 14:38:52,2023-03-02 04:30:19,1,1,2022-10-10 08:03:09,2.41,122.59,액션
613,1997,male,2023-09-05 05:32:29,,1,0,2024-02-03 01:04:18,2.91,88.94,스릴러
614,1998,male,2023-08-03 08:55:33,,0,0,2023-09-06 17:06:40,0.89,29.97,범죄
615,1993,female,2022-07-22 21:30:17,,2,0,2023-03-25 22:12:46,1.89,106.65,코미디
616,1997,female,2024-06-06 01:28:11,2024-06-15 12:24:53,0,1,2024-06-15 10:41:05,2.81,113.72,코미디
617,1996,male,2023-05-17 23:45:29,,0,0,2023-12-31 08:14:17,3.25,99.8,멜로
618,1994,female,2023-06-18 04:19:02,2023-07-25 02:36:12,1,1,2023-10-02 11:32:54,2.49,78.82,멜로
619,2001,male,2022-10-20 04:00:21,2023-07-27 03:01:31,1,1,2024-06-30 15:22:09,2.92,77.41,멜로
620,1996,male,2024-07-06 16:11:10,2024-07-09 02:46:43,1,1,2024-07-06 22:18:31,2.92,97.29,코미디
621,1992,female,2023-12-17 13:13:15,,2,0,2024-01-14 07:22:05,4.31,100.31,판타지
622,2002,male,2023-09-01 23:47:35,,0,0,2024-05-31 11:44:39,0.32,46.94,전쟁
623,2001,female,2022-09-07 01:19:26,,2,0,2023-04-06 19:23:13,1.47,134.09,음악
624,1997,male,2023-05-09 21:52:46,,2,0,2024-01-23 18:11:07,4.6,118.57,전쟁
625,1996,male,2023-04-26 03:12:50,,2,0,2024-02-08 06:13:43,4.48,154.07,액션
626,1994,female,2024-05-27 14:21:16,,0,0,2024-05-31 13:28:39,1.84,126.91,스릴러
627,1988,male,2022-12-17 03:06:58,,1,0,2023-03-22 07:33:00,2.09,23.19,SF
628,1997,male,2023-09-28 20:51:59,,0,0,2024-04-11 20:25:00,2.49,84.97,SF
629,1995,female,2024-02-17 14:04:36,,1,0,2024-03-28 02:48:45,2.86,134.21,뮤지컬
630,1988,female,2024-04-07 22:19:41,,0,0,2024-05-17 02:02:54,3.62,96.69,판타지
631,1997,female,2024-02-02 21:07:36,,2,0,2024-05-26 19:53:28,2.51,104.36,스포츠
632,1989,female,2022-11-06 02:38:09,,0,0,2023-05-24 21:46:57,2.4,103.1,전쟁
633,1990,female,2023-08-12 11:55:27,,0,0,2023-12-25 03:59:41,4.79,80.27,스릴러
634,1992,female,2023-10-22 05:06:31,2023-11-27 12:14:05,0,1,2024-05-23 16:19:03,4.13,102.68,코미디
635,1994,male,2023-11-26 01:14:51,,1,0,2024-05-03 05:31:03,2.6,109.23,SF
636,1993,female,2023-11-29 14:16:00,2024-02-17 01:34:13,2,1,2024-06-24 15:24:03,3.4,130.02,스릴러
637,1993,female,2023-09-04 12:26:06,2023-11-04 22:20:45,2,1,2024-06-24 18:22:05,2.24,99.73,스포츠
638,1996,male,2022-09-20 11:29:04,,0,0,2022-10-30 11:49:11,2.68,87.04,범죄
639,1995,female,2024-03-28 22:26:26,2024-07-07 06:22:12,2,1,2024-05-05 23:47:40,1.85,161.98,스포츠
640,2000,female,2023-04-30 21:27:23,,2,0,2023-12-28 05:16:28,2.44,139.02,스포츠
641,1990,female,2023-11-10 16:46:25,2024-03-14 09:48:12,1,1,2024-06-21 06:54:11,2.63,84.77,스포츠
642,1991,female,2023-05-16 12:10:21,,1,0,2024-01-30 02:56:53,1.26,90.05,액션
643,1988,female,2023-04-11 12:56:50,2023-12-05 04:23:52,0,1,2023-12-06 14:16:09,2.98,126.19,SF
644,1993,female,2022-12-27 11:30:04,2023-09-15 13:12:55,2,1,2023-07-24 11:49:02,2.1,112.26,뮤지컬
645,2001,female,2023-11-06 00:39:05,,1,0,2023-12-21 06:39:33,4.0,91.81,스릴러
646,2000,female,2023-07-23 08:24:00,2023-09-25 15:54:42,1,1,2023-12-29 10:46:46,3.37,148.23,뮤지컬
647,2000,female,2023-01-24 04:51:14,,1,0,2024-02-15 05:44:59,3.2,93.36,전쟁
648,1995,female,2023-02-22 16:57:12,2023-07-10 02:27:08,0,1,2023-04-24 05:01:21,1.18,108.73,멜로
649,2000,female,2022-11-30 03:14:34,,2,0,2024-03-26 19:11:35,2.84,89.33,액션
650,1993,female,2024-01-16 23:36:11,2024-02-05 09:45:19,0,1,2024-03-26 14:52:25,2.87,75.03,코미디
651,1999,female,2023-02-01 08:49:11,,1,0,2023-05-18 03:00:30,2.73,94.67,SF
652,1996,female,2024-01-14 12:56:59,,2,0,2024-06-05 19:46:36,1.82,96.52,스포츠
653,2002,female,2022-09-04 04:39:24,2024-01-30 18:43:02,0,1,2023-04-05 06:17:26,1.99,96.23,전쟁
654,1992,female,2022-12-21 21:05:21,2023-09-11 16:35:51,1,1,2023-06-01 11:30:00,2.15,112.59,액션
655,1994,female,2022-12-14 01:07:46,,1,0,2023-10-28 12:46:26,3.24,100.95,음악
656,1988,male,2023-09-21 13:47:23,,0,0,2024-05-23 22:10:12,2.03,88.04,액션
657,1994,male,2024-05-01 10:24:22,,1,0,2024-07-05 05:04:14,2.42,133.0,멜로
658,1997,male,2023-04-11 12:44:18,2023-08-02 08:57:45,0,1,2024-02-28 05:16:21,3.48,97.79,뮤지컬
659,1988,male,2022-11-22 00:26:40,2023-12-02 05:39:59,0,1,2024-02-10 21:17:39,0.74,89.16,스릴러
660,1992,male,2024-01-29 11:35:45,,2,0,2024-03-09 20:12:54,2.76,101.17,전쟁
661,1992,male,2023-06-13 20:45:54,,0,0,2024-02-12 05:30:58,3.81,70.73,음악
662,1994,male,2023-04-18 11:51:07,,2,0,2024-04-14 00:12:51,2.2,105.4,코미디
663,1996,male,2022-08-03 13:38:05,,2,0,2022-12-08 01:55:41,1.81,104.27,스릴러
664,1996,male,2022-12-11 04:03:51,2024-04-17 18:00:37,1,1,2023-10-16 00:28:58,0.89,61.49,범죄
665,1988,male,2023-09-25 10:26:26,,1,0,2024-04-11 07:50:24,1.56,61.75,스릴러
666,1990,male,2022-10-03 14:56:24,2023-02-21 11:34:36,0,1,2023-10-21 04:08:07,2.43,56.65,SF
667,1990,female,2022-12-27 01:20:00,2023-05-28 22:12:32,0,1,2023-01-01 10:53:42,1.97,121.49,스릴러
668,1991,female,2024-06-18 02:20:40,,0,0,2024-06-21 11:41:56,1.99,127.74,판타지
669,1996,male,2023-12-23 10:21:34,,1,0,2024-06-12 19:42:29,3.17,55.32,SF
670,1989,female,2022-12-31 11:09:12,,0,0,2023-12-19 10:57:16,0.65,81.29,범죄
671,2000,female,2023-09-27 17:02:01,,1,0,2023-12-06 01:30:02,2.13,120.51,범죄
672,1992,female,2022-08-08 00:16:28,,2,0,2024-03-22 08:19:13,0.12,140.87,멜로
673,1999,male,2022-09-18 22:34:59,,2,0,2023-08-31 03:17:50,3.18,121.01,코미디
674,1990,female,2023-10-05 15:56:42,,2,0,2024-01-26 05:07:20,4.31,70.09,코미디
675,1989,male,2023-03-18 05:09:55,,2,0,2024-06-04 19:49:10,2.11,124.94,판타지
676,1997,female,2023-08-11 18:24:00,2023-11-13 00:46:08,1,1,2024-02-07 09:53:25,4.13,61.54,판타지
677,2000,female,2023-02-24 21:18:02,,1,0,2023-03-17 14:39:39,3.18,79.75,코미디
678,2002,female,2023-04-03 16:34:06,,0,0,2024-07-05 02:15:14,1.7,106.93,뮤지컬
679,1998,female,2023-02-18 16:57:47,2024-03-20 09:42:54,1,1,2024-06-27 01:44:43,2.59,84.76,판타지
680,1999,female,2023-01-31 01:03:50,2023-07-17 17:18:04,2,1,2023-02-02 13:48:37,1.75,110.95,뮤지컬
681,1993,male,2022-10-04 03:26:23,2024-03-13 05:05:06,0,1,2023-05-02 08:45:36,1.64,92.38,SF
682,2000,male,2024-06-28 18:56:41,2024-06-29 13:16:16,2,1,2024-07-07 14:20:52,3.55,66.92,뮤지컬
683,1993,male,2022-08-10 00:16:25,2024-04-04 20:22:43,2,1,2024-06-30 06:34:43,2.95,97.16,판타지
684,1994,male,2023-12-13 18:30:47,,2,0,2024-03-13 08:02:55,2.33,94.96,범죄
685,1989,female,2023-09-12 22:40:43,2024-02-12 07:47:21,0,1,2023-09-18 20:32:45,2.05,59.61,판타지
686,1997,male,2024-05-20 10:27:01,2024-06-04 07:12:52,0,1,2024-05-27 11:15:10,1.84,137.5,액션
687,1992,female,2022-10-08 19:44:53,,0,0,2023-12-17 20:21:44,1.65,92.02,범죄
688,1999,male,2023-10-23 14:28:03,2024-03-14 12:48:51,0,1,2024-05-20 13:28:15,0.99,84.34,스릴러
689,1992,male,2023-01-09 07:40:44,2023-07-18 13:41:38,1,1,2023-07-07 18:34:28,1.53,89.9,스포츠
690,1988,male,2022-07-11 15:53:51,,0,0,2024-06-09 15:51:09,2.04,123.76,전쟁
691,1991,female,2024-01-30 18:09:15,,2,0,2024-02-04 13:05:24,2.76,105.45,스릴러
692,1988,female,2023-05-18 01:31:18,,0,0,2024-06-17 22:00:04,2.65,135.13,뮤지컬
693,1994,female,2024-03-17 18:46:04,,2,0,2024-06-16 12:03:43,3.3,93.23,범죄
694,1995,male,2023-08-28 15:19:16,2023-12-19 08:01:06,1,1,2023-11-16 00:25:19,1.62,105.32,액션
695,1996,female,2022-07-30 18:27:36,2022-12-13 09:14:34,0,1,2024-06-20 23:17:46,4.05,104.61,코미디
696,1997,female,2023-09-02 10:18:48,2023-11-15 21:29:18,2,1,2024-01-14 12:11:24,3.23,64.85,액션
697,2001,male,2023-03-03 10:06:35,,1,0,2023-07-25 08:46:10,3.1,117.52,전쟁
698,1995,female,2024-06-06 19:25:39,2024-06-28 11:23:54,2,1,2024-06-25 23:13:07,3.28,109.74,뮤지컬
699,1988,female,2023-02-03 08:54:24,2023-04-22 08:07:56,0,1,2023-10-06 19:49:18,2.7,96.81,뮤지컬
700,1996,female,2022-11-23 19:56:38,,0,0,2023-09-22 00:13:44,2.26,112.19,스릴러
701,2008,female,2023-10-17 11:27:41,,1,0,2024-06-14 21:01:29,3.39,89.73,뮤지컬
702,2007,female,2022-08-21 00:27:35,2023-09-04 14:31:53,1,1,2022-11-25 04:02:08,2.59,127.85,음악
703,2012,male,2024-02-05 08:07:52,,1,0,2024-03-03 04:22:01,2.08,104.7,스릴러
704,2006,female,2023-04-16 15:40:01,,0,0,2024-03-25 12:31:46,2.13,107.95,음악
705,2007,male,2023-03-03 06:06:14,,2,0,2024-06-02 06:40:25,2.72,61.0,스릴러
706,1926,male,2024-05-07 20:14:52,,0,0,2024-07-07 22:43:57,1.08,87.13,음악
707,1971,female,2023-09-01 18:18:44,2024-05-13 17:58:33,0,1,2023-10-25 02:37:21,3.33,45.67,판타지
708,1969,male,2022-09-02 02:45:55,,2,0,2023-02-03 01:44:59,2.7,82.34,SF
709,2011,male,2023-03-21 14:12:43,2024-03-30 20:52:23,0,1,2023-03-21 21:08:17,1.17,127.12,범죄
710,2009,male,2023-05-11 00:20:01,,1,0,2023-08-28 09:23:55,1.59,63.05,SF
711,1960,male,2023-11-26 22:17:58,,0,0,2024-03-06 23:38:18,3.07,78.45,액션
712,1949,male,2024-02-16 04:05:15,2024-06-18 22:05:14,1,1,2024-03-31 02:20:30,2.92,95.44,음악
713,1935,female,2022-10-15 18:52:29,2024-01-15 22:24:49,1,1,2023-02-12 09:28:34,2.86,57.05,스릴러
714,2006,male,2022-07-23 22:55:23,,1,0,2022-08-13 18:09:57,2.79,79.34,뮤지컬
715,2013,female,2023-12-19 18:19:06,2024-05-04 22:05:07,2,1,2024-01-25 14:16:51,2.21,100.23,음악
716,2009,male,2023-05-29 00:07:28,,0,0,2024-05-23 06:10:51,1.92,96.01,멜로
717,1949,female,2024-01-29 17:46:13,,2,0,2024-05-21 06:14:46,1.02,122.75,스릴러
718,1936,male,2023-09-22 15:31:09,2024-02-13 16:07:34,2,1,2023-10-13 14:10:10,3.54,86.17,범죄
719,2004,female,2023-06-30 10:34:23,2023-09-11 03:13:49,2,1,2024-01-12 20:14:23,0.61,117.49,범죄
720,2007,male,2022-09-11 19:44:12,2022-10-04 22:30:58,1,1,2022-12-09 04:25:11,1.69,80.78,음악
721,1935,male,2024-07-04 21:20:25,,0,0,2024-07-09 05:51:53,1.43,127.16,음악
722,2013,female,2023-01-04 23:10:15,2023-11-13 20:09:46,1,1,2024-03-22 09:51:26,1.98,96.02,뮤지컬
723,1956,female,2022-08-29 22:35:41,2023-09-12 00:05:47,1,1,2023-08-02 02:07:25,1.67,103.48,음악
724,1962,male,2023-11-12 02:21:18,,0,0,2024-01-22 06:55:16,2.02,102.1,판타지
725,1924,female,2023-02-26 18:49:54,,2,0,2024-03-05 21:54:32,2.13,85.47,스포츠
726,1931,female,2024-03-31 22:23:32,2024-07-05 23:00:27,0,1,2024-06-06 21:07:53,3.43,110.76,코미디
727,1928,male,2023-08-25 20:44:45,2024-07-07 06:31:23,1,1,2023-10-19 23:01:00,3.6,72.48,SF
728,2003,female,2023-05-13 10:40:20,,0,0,2023-09-30 16:33:44,1.01,127.02,판타지
729,1971,male,2023-02-21 19:45:25,,2,0,2024-02-07 10:33:26,2.27,105.17,범죄
730,2004,male,2023-10-11 10:32:59,2024-06-27 20:38:32,1,1,2024-04-09 13:43:16,0.76,90.03,코미디
731,2014,male,2023-10-02 16:35:40,,2,0,2023-11-25 06:12:40,3.46,58.17,스포츠
732,2005,male,2022-07-28 02:03:13,2023-12-22 10:20:00,2,1,2022-09-01 22:10:13,2.46,71.01,코미디
733,1950,female,2022-07-20 05:35:40,,1,0,2022-12-03 15:56:45,3.65,77.4,스포츠
734,2008,male,2022-10-20 13:11:36,2023-10-08 18:50:51,1,1,2024-05-24 21:23:46,1.43,168.33,스포츠
735,2007,female,2023-07-27 22:39:47,2023-10-07 17:56:00,2,1,2024-02-04 20:35:42,1.97,26.82,코미디
736,1974,male,2023-11-03 22:12:49,2024-01-22 07:29:32,2,1,2024-05-12 16:27:47,3.35,111.45,판타지
737,1941,female,2024-01-23 11:15:40,2024-06-02 12:34:57,1,1,2024-02-19 14:12:45,4.66,116.68,범죄
738,2003,male,2023-11-10 01:45:55,,1,0,2024-06-19 00:50:57,2.8,54.01,액션
739,1935,female,2022-11-14 00:05:00,2023-01-29 19:51:46,0,1,2024-05-15 01:58:18,4.14,92.75,전쟁
740,1978,female,2023-09-13 21:26:16,2024-06-26 19:36:50,2,1,2023-10-17 04:23:45,3.69,88.5,전쟁
741,1970,male,2022-08-08 02:49:30,2024-06-11 16:10:03,1,1,2024-02-05 19:20:09,2.7,76.22,음악
742,2010,female,2024-01-15 17:51:57,2024-05-23 08:55:53,0,1,2024-06-07 03:28:07,4.42,90.35,판타지
743,1935,female,2022-08-24 00:37:15,,2,0,2023-03-29 15:19:14,2.75,88.73,판타지
744,1981,female,2024-03-25 14:31:38,,1,0,2024-04-10 00:00:09,3.44,76.96,판타지
745,1933,male,2023-01-31 16:40:46,2023-12-27 17:12:14,0,1,2023-09-01 01:21:34,2.76,124.49,코미디
746,2008,male,2022-08-25 11:46:58,,2,0,2023-05-08 01:52:32,2.11,118.23,전쟁
747,2004,female,2024-04-03 01:40:01,,0,0,2024-05-20 00:10:30,3.18,126.29,스릴러
748,1950,male,2024-01-18 02:22:29,,1,0,2024-05-14 23:09:26,3.65,77.64,스릴러
749,2004,male,2023-06-01 17:57:21,2024-03-10 03:43:15,0,1,2023-10-30 18:10:46,2.71,110.38,스포츠
750,1957,male,2023-08-29 13:23:52,2024-01-06 17:29:44,2,1,2024-03-03 18:11:22,3.45,86.15,멜로
751,1977,male,2023-11-27 13:10:24,2024-02-12 07:05:41,2,1,2024-06-04 04:46:41,1.51,17.18,멜로
752,1964,female,2024-05-07 09:47:04,,1,0,2024-05-15 23:56:00,1.7,47.34,액션
753,1943,male,2023-10-29 17:30:42,2023-11-25 04:01:36,1,1,2024-04-06 19:42:51,1.61,76.87,멜로
754,1969,male,2023-12-09 16:41:27,,0,0,2024-02-08 14:47:09,3.34,159.29,스포츠
755,2014,female,2023-12-29 16:59:51,2024-01-02 17:11:56,1,1,2024-01-01 01:56:07,2.85,103.6,액션
756,1937,female,2023-08-29 03:10:02,2024-05-31 11:42:13,1,1,2023-11-03 22:44:10,2.99,66.64,액션
757,2003,male,2022-09-29 12:29:34,,2,0,2023-08-26 05:49:05,2.18,24.27,코미디
758,1925,male,2023-07-30 18:29:48,,0,0,2023-12-19 10:01:43,2.43,125.32,스릴러
759,2006,male,2023-10-25 20:59:11,,1,0,2023-11-18 13:26:19,4.03,86.4,판타지
760,1977,male,2023-07-25 03:58:02,,2,0,2023-11-09 13:25:38,1.73,86.91,스포츠
761,2010,female,2023-12-07 23:50:36,2024-06-04 21:48:51,1,1,2024-01-21 17:13:52,3.1,177.81,SF
762,2011,male,2022-09-05 10:23:43,2024-01-05 19:14:57,1,1,2023-07-09 16:14:29,3.45,108.56,액션
763,2003,male,2024-02-06 08:49:15,,0,0,2024-05-04 18:06:41,2.96,25.37,판타지
764,1930,male,2024-02-15 05:17:32,2024-03-19 10:13:53,1,1,2024-06-25 00:26:24,4.05,106.93,멜로
765,2005,female,2023-01-19 17:18:42,2023-07-14 11:04:09,2,1,2023-07-25 06:52:52,1.74,71.51,뮤지컬
766,2006,female,2024-06-12 07:52:23,2024-07-09 19:57:21,0,1,2024-06-14 12:41:24,1.44,64.79,전쟁
767,1925,male,2023-12-17 21:03:50,2024-06-26 22:35:01,0,1,2024-04-19 17:02:33,2.1,67.64,판타지
768,1958,female,2024-02-16 19:00:39,2024-02-25 01:20:25,1,1,2024-05-09 17:42:43,3.21,67.87,음악
769,1948,male,2023-07-04 10:46:32,2024-01-20 16:36:07,0,1,2023-08-22 18:20:58,1.21,96.11,코미디
770,2012,female,2022-09-14 11:40:57,,2,0,2022-11-04 11:20:17,2.86,70.46,뮤지컬
771,1982,female,2024-05-03 06:38:29,,2,0,2024-05-30 14:49:12,1.92,115.94,액션
772,1979,female,2023-02-27 12:14:20,2024-03-05 02:01:19,2,1,2023-09-10 21:50:24,2.06,110.79,액션
773,2006,male,2023-02-11 02:29:15,2023-03-29 17:46:37,2,1,2024-03-27 01:41:18,0.73,105.97,음악
774,1983,male,2022-07-21 18:34:08,,1,0,2023-05-10 18:33:45,2.13,110.21,뮤지컬
775,1960,female,2023-07-20 05:28:13,2024-05-19 22:13:33,1,1,2024-01-17 11:43:42,2.8,140.33,멜로
776,1938,female,2023-11-21 02:52:02,2024-03-22 07:00:49,0,1,2024-04-04 19:03:36,3.14,139.82,스포츠
777,1951,female,2022-11-23 21:20:41,2023-05-11 03:19:51,0,1,2024-04-12 07:56:04,2.42,99.18,SF
778,2012,male,2022-07-27 16:52:10,2024-05-20 00:55:47,0,1,2023-01-11 09:57:07,3.41,67.4,판타지
779,1956,male,2024-06-07 07:06:19,2024-06-27 05:27:13,2,1,2024-07-04 14:59:13,1.64,154.6,전쟁
780,2010,female,2024-07-03 00:59:15,2024-07-03 02:25:21,1,1,2024-07-10 00:46:37,4.33,45.5,스릴러
781,1928,male,2022-11-07 01:13:15,2023-06-28 13:23:48,1,1,2023-12-30 06:53:32,4.05,122.88,액션
782,2003,female,2023-06-05 10:45:56,2024-03-29 19:07:14,1,1,2024-05-23 07:54:53,0.75,73.14,음악
783,1978,female,2023-01-22 01:19:26,2023-11-28 22:17:45,1,1,2024-06-26 20:53:37,1.67,59.11,액션
784,1925,female,2023-09-06 23:04:02,2024-05-17 15:26:42,1,1,2024-01-25 06:50:31,0.83,106.21,범죄
785,2014,female,2022-08-30 02:10:03,2022-12-16 22:07:58,2,1,2024-03-19 15:59:51,2.53,80.27,액션
786,2010,female,2023-09-26 12:48:05,,0,0,2024-03-17 09:34:25,1.74,100.44,코미디
787,1942,male,2024-05-23 15:09:04,,0,0,2024-06-24 15:47:03,3.16,109.99,음악
788,2010,female,2023-08-11 04:39:30,,2,0,2023-12-20 04:24:46,0.99,119.45,전쟁
789,1924,male,2024-05-10 15:59:07,,1,0,2024-06-11 17:13:59,2.71,43.6,SF
790,2011,female,2023-10-01 16:40:26,2024-03-01 06:51:00,1,1,2024-06-26 17:23:59,3.62,141.69,전쟁
791,1937,male,2023-01-14 06:37:24,,2,0,2023-03-18 03:06:49,1.45,98.37,코미디
792,1947,female,2023-01-25 09:17:07,,1,0,2024-01-22 05:12:12,3.36,72.21,전쟁
793,1944,male,2023-04-14 09:40:28,2023-10-31 13:24:21,1,1,2023-07-12 14:06:19,4.94,120.92,음악
794,1933,female,2024-06-14 16:25:08,2024-06-16 10:26:27,0,1,2024-06-22 17:06:02,2.18,118.14,판타지
795,1967,female,2023-06-30 11:18:09,,2,0,2024-05-08 19:31:00,3.16,112.09,뮤지컬
796,1979,female,2023-05-29 20:53:08,2023-09-26 09:49:16,0,1,2024-06-10 22:29:06,4.22,61.87,멜로
797,1971,female,2023-04-18 10:24:31,2023-04-29 13:16:41,0,1,2023-04-26 23:10:12,1.66,71.63,멜로
798,2014,male,2024-01-29 21:00:03,,1,0,2024-06-11 22:31:00,2.64,125.26,스포츠
799,2013,male,2022-09-27 00:46:00,2024-07-05 19:40:19,0,1,2023-06-17 09:23:08,2.11,95.66,음악
800,1957,female,2023-02-04 17:43:47,2024-02-29 10:05:01,2,1,2023-03-29 04:14:19,3.4,74.63,액션
801,1975,female,2023-08-13 06:27:36,,2,0,2024-07-02 00:28:18,4.17,102.26,코미디
802,2005,male,2023-05-20 08:50:58,2024-04-23 06:45:32,2,1,2023-11-22 00:27:15,1.65,64.49,액션
803,2013,female,2023-06-16 10:57:56,,1,0,2024-06-14 05:03:13,2.73,94.7,뮤지컬
804,1929,female,2023-03-19 16:32:19,,1,0,2023-06-17 20:27:42,3.05,98.23,액션
805,2014,male,2023-04-10 01:20:35,,0,0,2024-01-19 03:21:00,2.45,105.06,스포츠
806,1950,male,2023-09-19 09:43:55,,1,0,2024-05-20 06:08:07,1.12,74.37,코미디
807,2006,female,2024-04-06 13:03:50,2024-04-29 21:46:02,2,1,2024-04-16 16:12:08,2.95,130.64,스릴러
808,1962,male,2022-07-27 00:30:38,2023-12-01 00:11:38,2,1,2023-04-25 16:29:12,3.97,112.57,범죄
809,2014,male,2022-11-28 23:28:22,,2,0,2024-03-21 12:18:53,2.4,137.03,뮤지컬
810,1931,male,2022-10-14 04:54:38,2023-01-23 00:02:16,0,1,2023-03-02 00:44:20,2.47,80.79,판타지
811,2013,female,2024-02-10 07:07:22,,1,0,2024-03-22 06:38:01,2.19,64.67,뮤지컬
812,2003,female,2023-04-06 17:07:56,,1,0,2023-09-03 04:11:57,2.31,87.83,뮤지컬
813,1985,female,2022-09-09 15:21:09,,1,0,2023-03-12 17:42:50,2.01,113.21,전쟁
814,1967,male,2024-05-19 10:05:27,2024-05-21 23:04:56,0,1,2024-06-22 12:19:27,2.87,86.72,스릴러
815,2003,female,2023-03-12 15:36:24,,2,0,2023-06-27 18:06:02,3.51,104.77,판타지
816,1960,female,2023-03-22 18:12:10,2023-11-13 04:00:08,1,1,2023-12-17 05:28:06,3.13,70.51,음악
817,1972,male,2023-04-23 09:59:56,,0,0,2024-03-16 13:47:24,4.81,126.63,범죄
818,2003,male,2022-10-31 15:31:48,2023-05-12 09:02:46,0,1,2024-03-01 15:43:03,1.74,64.27,범죄
819,2008,male,2023-03-14 17:27:36,,0,0,2024-05-14 02:46:05,1.35,41.45,SF
820,1939,male,2023-10-21 21:05:45,,0,0,2024-03-20 07:14:14,3.77,78.02,스릴러
821,2011,male,2022-08-16 01:35:31,2022-09-02 01:30:40,1,1,2023-11-29 20:36:34,3.6,151.84,코미디
822,2006,male,2023-06-04 21:09:29,2023-06-26 09:10:31,1,1,2023-08-08 08:44:55,0.31,80.55,코미디
823,2008,male,2024-04-17 13:04:19,,2,0,2024-07-01 04:51:42,1.48,113.82,전쟁
824,1942,female,2024-02-29 21:58:58,2024-07-06 06:36:21,1,1,2024-06-06 01:54:58,3.25,92.94,SF
825,2014,male,2024-02-22 15:46:29,,1,0,2024-06-03 20:06:27,3.14,162.57,음악
826,1974,male,2024-06-30 23:55:42,,2,0,2024-07-04 11:39:01,3.09,128.74,범죄
827,1939,female,2024-07-04 12:47:33,,2,0,2024-07-06 00:42:22,2.71,86.91,멜로
828,1932,female,2022-09-27 17:29:17,,0,0,2023-10-29 15:01:06,3.81,109.36,액션
829,2004,male,2023-12-10 18:31:59,,1,0,2024-07-02 04:24:25,1.93,71.45,멜로
830,1935,male,2023-08-05 13:27:10,,2,0,2023-09-10 03:15:25,2.79,101.16,SF
831,1929,female,2023-09-30 03:50:06,2024-02-18 00:17:25,1,1,2023-10-10 02:36:18,1.87,146.22,뮤지컬
832,1933,female,2023-12-03 15:33:33,2024-04-10 00:21:24,0,1,2024-05-02 04:08:30,2.02,114.63,SF
833,2007,male,2023-06-01 14:46:04,2023-11-17 03:59:43,1,1,2024-04-18 13:24:47,2.34,137.73,SF
834,1949,female,2024-05-29 00:15:59,2024-06-30 03:52:25,2,1,2024-06-09 05:14:04,2.47,96.94,음악
835,2004,male,2023-08-12 09:01:11,2024-01-11 22:00:43,0,1,2023-10-25 22:16:35,2.16,111.8,액션
836,2011,female,2023-03-04 12:14:35,,1,0,2024-05-03 20:21:52,1.92,118.66,스포츠
837,1979,male,2024-05-13 04:00:44,2024-05-14 01:22:52,1,1,2024-05-16 17:09:09,3.89,107.34,멜로
838,2011,female,2022-11-23 16:48:48,2023-12-27 17:52:28,2,1,2023-01-27 00:55:59,3.78,47.55,스릴러
839,1955,male,2024-02-20 06:54:39,2024-02-23 18:19:36,2,1,2024-05-26 19:03:59,3.19,91.45,뮤지컬
840,2004,female,2024-01-26 18:13:34,,0,0,2024-04-12 08:33:50,3.51,44.98,코미디
841,2003,female,2024-06-17 01:24:08,2024-07-02 11:12:24,1,1,2024-06-18 03:14:14,3.07,144.02,판타지
842,1943,male,2023-05-17 10:30:36,,0,0,2024-03-17 05:28:54,3.8,92.19,판타지
843,2003,male,2023-01-23 23:06:25,2024-07-06 07:26:54,1,1,2023-08-26 09:07:38,1.39,66.23,멜로
844,2011,male,2024-07-03 09:33:44,,1,0,2024-07-09 22:49:53,1.91,91.71,판타지
845,1965,female,2022-08-13 22:42:33,2023-07-29 02:15:49,0,1,2023-03-05 16:17:28,1.88,118.7,코미디
846,1981,male,2022-10-29 13:53:29,2023-11-14 06:22:21,2,1,2023-11-01 01:31:57,2.37,116.61,멜로
847,2010,male,2023-02-20 13:31:26,2023-11-12 13:41:01,1,1,2024-05-09 23:11:59,1.23,114.28,스포츠
848,1982,female,2024-03-23 19:25:51,,1,0,2024-05-29 00:04:34,2.01,44.69,판타지
849,2014,male,2023-12-30 05:53:00,,0,0,2024-01-12 12:30:48,3.19,107.59,전쟁
850,2012,male,2023-01-20 01:35:20,2023-06-11 01:56:27,2,1,2023-05-11 18:11:20,2.27,78.09,음악
851,2012,female,2023-11-05 16:27:58,2024-04-27 05:45:30,2,1,2024-06-30 16:23:55,3.76,77.71,스포츠
852,1968,female,2022-11-11 16:30:51,,1,0,2023-05-04 04:42:52,2.64,113.71,범죄
853,1939,female,2022-09-03 03:09:20,,1,0,2022-10-08 05:38:40,4.07,119.93,뮤지컬
854,1962,female,2024-01-27 13:52:29,2024-02-16 08:49:55,1,1,2024-02-09 11:57:31,1.85,146.2,범죄
855,2007,female,2022-12-23 13:42:57,,2,0,2023-07-17 14:52:00,3.95,103.72,코미디
856,2012,male,2023-07-13 05:40:50,,2,0,2023-08-11 01:04:39,3.1,68.92,뮤지컬
857,2004,male,2023-05-21 11:25:56,2024-05-31 14:17:39,0,1,2023-08-04 16:51:42,1.78,62.53,전쟁
858,2012,male,2024-02-29 16:11:16,,1,0,2024-03-21 07:24:23,2.55,161.46,음악
859,2003,female,2022-09-02 19:20:51,,0,0,2024-04-23 08:46:21,3.71,56.71,스포츠
860,2003,male,2023-05-10 00:22:51,2023-07-17 09:53:59,0,1,2024-04-20 00:41:33,3.61,55.15,뮤지컬
861,2005,male,2023-03-19 12:39:54,,2,0,2023-12-17 17:50:48,4.3,109.9,스포츠
862,1974,male,2023-06-14 18:29:35,,1,0,2023-07-07 19:16:04,1.12,50.25,SF
863,2014,female,2024-01-25 02:57:58,,1,0,2024-04-04 23:34:20,3.41,114.44,코미디
864,2012,female,2022-09-19 07:28:44,,2,0,2024-06-08 06:51:45,1.63,118.21,음악
865,1956,female,2023-05-16 19:46:26,2023-10-18 11:37:29,2,1,2024-01-30 14:05:24,1.77,81.94,전쟁
866,2003,female,2022-10-27 12:31:28,,0,0,2023-09-28 22:42:49,3.84,96.65,스릴러
867,2005,female,2023-02-10 05:15:45,,1,0,2024-07-04 23:15:16,3.0,67.72,뮤지컬
868,2004,male,2023-09-17 13:54:45,2024-03-28 18:16:33,0,1,2024-04-24 01:50:15,2.29,87.79,범죄
869,1958,female,2022-12-26 19:09:15,2023-12-12 00:12:34,2,1,2023-12-23 06:41:24,2.96,66.36,멜로
870,1939,female,2023-04-06 00:15:50,2024-05-04 00:16:50,2,1,2024-06-16 20:39:04,3.54,169.59,뮤지컬
871,2007,female,2024-05-17 05:03:24,,1,0,2024-06-08 06:09:23,1.96,134.14,판타지
872,2004,male,2022-10-09 08:48:16,2024-01-09 04:44:40,2,1,2023-03-27 13:37:09,4.12,141.72,코미디
873,2004,male,2023-10-16 03:55:38,,1,0,2024-01-21 21:48:37,2.83,112.73,멜로
874,2003,female,2024-04-03 03:29:40,2024-04-15 15:59:09,1,1,2024-04-29 20:52:06,1.35,94.79,음악
875,1942,female,2024-02-12 15:55:08,,0,0,2024-02-23 05:19:46,3.83,102.77,액션
876,1972,female,2023-12-11 01:04:58,2024-03-15 02:25:08,1,1,2024-04-22 04:09:43,3.36,91.54,스릴러
877,2013,male,2023-02-28 20:02:35,,0,0,2023-05-15 05:04:13,2.2,134.67,범죄
878,1971,male,2023-04-03 19:28:36,,2,0,2024-04-30 11:15:14,2.43,129.76,멜로
879,2003,male,2022-10-29 10:25:48,2023-12-01 19:47:08,0,1,2023-03-24 19:08:10,2.62,111.49,멜로
880,2012,male,2023-09-15 15:07:11,2024-05-19 08:19:53,1,1,2024-07-02 21:25:00,2.85,79.1,스포츠
881,1954,female,2024-02-19 10:48:11,,2,0,2024-06-11 13:36:28,2.56,88.8,스릴러
882,2013,male,2024-04-05 02:17:54,2024-05-20 09:10:56,1,1,2024-06-30 01:24:04,2.37,93.51,코미디
883,2013,male,2023-04-05 09:52:39,2023-04-26 07:20:46,2,1,2024-02-22 12:07:19,2.7,142.86,멜로
884,1982,female,2024-06-22 17:27:38,,0,0,2024-07-02 23:53:31,1.36,103.15,스릴러
885,1958,female,2022-11-12 16:20:06,2024-05-02 16:23:18,1,1,2023-09-23 17:21:34,2.27,108.3,범죄
886,2003,female,2023-08-17 10:02:17,,0,0,2024-01-15 01:10:16,2.24,104.46,스릴러
887,2013,female,2023-12-05 08:50:10,2024-02-07 07:34:19,1,1,2024-03-03 05:20:03,4.04,105.58,SF
888,2012,male,2023-08-21 13:15:47,,0,0,2024-02-26 11:15:47,4.05,125.77,SF
889,1939,female,2023-08-08 15:09:13,,0,0,2024-05-17 14:24:30,1.9,93.78,판타지
890,2008,male,2023-04-19 08:05:06,,2,0,2024-03-02 00:08:34,1.6,88.9,멜로
891,1973,female,2023-01-21 03:21:56,,2,0,2024-06-18 22:46:41,1.67,95.5,스릴러
892,1965,female,2024-01-06 17:05:04,2024-06-17 03:11:55,1,1,2024-05-16 04:40:21,3.81,107.1,스포츠
893,2007,female,2024-04-02 20:55:48,2024-04-07 16:12:02,1,1,2024-04-07 04:08:55,3.25,127.17,스포츠
894,1986,female,2024-06-17 17:17:35,,2,0,2024-06-23 07:15:31,3.01,63.74,액션
895,1938,male,2022-10-11 02:58:55,,0,0,2023-07-06 12:10:12,3.09,90.07,전쟁
896,2012,female,2023-02-16 15:15:28,2024-03-08 11:38:52,1,1,2023-04-02 20:50:09,3.43,136.22,액션
897,1963,female,2023-12-17 08:42:07,,0,0,2024-05-24 16:14:05,2.64,131.5,코미디
898,2007,male,2024-04-07 01:05:13,,2,0,2024-05-23 21:10:38,0.96,102.8,전쟁
899,2013,male,2023-12-16 03:02:27,2024-02-17 17:28:48,0,1,2024-04-01 18:32:55,2.61,47.08,전쟁
900,2009,male,2023-11-10 09:15:35,2023-12-20 19:41:11,0,1,2023-12-03 21:21:08,0.79,86.27,SF
901,1960,female,2022-08-07 08:36:26,,0,0,2024-03-03 00:37:51,4.01,55.64,스릴러
902,2006,male,2024-04-27 12:54:59,,1,0,2024-04-30 03:12:43,1.04,140.31,액션
903,2009,male,2023-08-26 06:49:54,,2,0,2024-02-28 22:10:18,3.27,104.87,뮤지컬
904,2013,female,2023-04-13 05:16:28,,2,0,2024-01-04 16:04:50,3.73,157.85,뮤지컬
905,2013,female,2023-06-29 15:00:41,,2,0,2024-06-12 19:43:49,1.43,118.91,스포츠
906,2010,female,2022-10-13 11:57:26,,2,0,2023-06-28 00:18:00,0.53,87.32,코미디
907,1942,male,2023-12-11 00:01:28,2024-06-20 10:01:08,2,1,2024-01-14 03:26:24,2.29,114.16,범죄
908,1983,female,2024-07-03 07:54:15,,1,0,2024-07-09 00:45:20,2.53,56.91,액션
909,2012,male,2023-04-21 11:23:49,,1,0,2024-03-03 19:37:34,1.25,104.48,SF
910,1977,male,2024-05-11 09:53:25,,0,0,2024-06-09 01:25:55,2.38,84.8,스릴러
911,2014,male,2024-01-30 00:25:00,2024-04-01 06:15:46,2,1,2024-03-11 01:27:13,2.17,154.6,뮤지컬
912,2006,male,2023-03-01 06:14:23,,2,0,2023-04-29 00:08:27,2.36,83.23,음악
913,2009,male,2024-03-01 15:05:00,2024-03-05 01:43:33,1,1,2024-05-21 12:33:36,2.65,69.59,스릴러
914,2005,male,2023-04-05 12:48:56,2024-06-11 02:51:31,0,1,2024-02-15 04:45:49,3.25,94.69,멜로
915,1965,male,2023-04-04 07:29:35,,2,0,2023-04-24 00:01:00,3.73,109.58,스릴러
916,2008,male,2023-05-04 05:53:09,2023-07-01 23:56:27,2,1,2024-01-19 13:05:54,2.01,152.34,판타지
917,2011,male,2024-07-02 09:11:39,2024-07-04 08:37:46,2,1,2024-07-08 01:21:52,2.01,62.37,판타지
918,1972,male,2023-01-03 14:39:18,,0,0,2023-06-20 08:49:25,0.25,102.28,액션
919,1929,male,2024-06-07 06:16:14,2024-07-09 12:48:33,0,1,2024-06-30 06:26:37,2.44,164.91,멜로
920,2011,male,2023-10-29 04:57:59,2024-02-11 12:21:59,2,1,2024-04-13 23:35:23,4.24,97.09,스포츠
921,2006,female,2022-10-07 13:19:08,2024-01-19 19:57:34,2,1,2023-10-28 05:27:53,1.9,82.61,코미디
922,1945,female,2022-11-08 07:30:36,,2,0,2023-11-23 15:50:46,3.39,122.18,범죄
923,1954,male,2023-02-01 01:50:08,2024-06-07 12:54:24,0,1,2024-02-20 18:47:11,1.42,41.04,스포츠
924,1926,male,2023-12-20 14:41:51,,1,0,2024-03-08 17:00:42,1.14,104.06,범죄
925,2003,female,2023-09-06 10:24:11,2023-11-03 15:41:20,1,1,2024-03-30 16:54:46,1.45,112.86,음악
926,1980,male,2023-02-12 18:34:55,2023-08-18 16:26:18,1,1,2024-02-11 07:08:54,1.73,94.17,멜로
927,2005,male,2022-08-30 22:06:27,2024-03-02 02:12:57,0,1,2023-08-08 05:19:58,1.04,113.27,스포츠
928,1957,male,2022-09-06 12:43:09,2024-03-15 05:26:13,0,1,2023-07-31 07:27:50,3.78,83.35,코미디
929,1987,male,2022-11-11 10:05:38,2024-06-12 07:57:02,1,1,2024-03-16 23:56:59,2.05,29.74,액션
930,1972,male,2022-11-26 04:34:03,,2,0,2023-06-25 06:46:55,2.43,86.91,SF
931,2010,male,2024-04-12 08:05:18,,1,0,2024-06-05 14:46:12,2.16,100.21,범죄
932,2012,male,2024-06-05 00:16:47,2024-06-28 11:52:46,1,1,2024-06-14 18:33:40,2.06,82.46,뮤지컬
933,1972,male,2023-01-11 18:09:13,,2,0,2024-06-04 09:42:43,4.48,84.35,판타지
934,1959,male,2022-11-07 08:48:21,,0,0,2023-08-16 20:16:23,2.97,104.22,범죄
935,1968,female,2022-08-12 06:59:38,,2,0,2023-01-30 13:12:41,2.63,56.06,스릴러
936,1983,male,2022-08-15 04:40:13,,0,0,2024-01-24 08:02:58,2.35,120.47,SF
937,1984,female,2024-03-04 11:07:07,2024-03-22 12:49:59,0,1,2024-07-04 06:59:31,2.36,78.07,전쟁
938,1932,male,2023-09-10 23:08:37,,0,0,2024-03-03 18:02:18,1.82,133.13,음악
939,1927,female,2022-12-28 05:07:32,2023-05-13 01:03:34,0,1,2023-08-21 19:59:26,1.51,86.88,멜로
940,1930,female,2024-01-30 14:11:14,2024-04-22 01:22:37,0,1,2024-02-05 02:57:50,3.78,136.23,판타지
941,1959,male,2024-01-17 10:56:30,2024-03-30 22:21:14,1,1,2024-06-06 10:27:32,2.76,77.91,전쟁
942,2009,female,2023-10-18 18:06:38,2023-12-11 17:44:22,1,1,2024-04-06 20:07:32,2.56,93.94,전쟁
943,1975,male,2023-02-27 13:30:30,,2,0,2024-03-14 23:45:12,3.65,106.25,액션
944,1934,female,2023-08-23 02:50:11,2024-06-15 02:57:07,0,1,2024-01-11 06:13:57,3.07,95.35,뮤지컬
945,2012,female,2022-12-25 11:19:52,2023-06-23 05:12:25,2,1,2023-10-04 19:48:32,3.89,121.12,스포츠
946,2005,male,2022-12-22 14:07:34,2023-10-10 00:51:04,1,1,2024-04-18 11:16:05,3.78,111.93,SF
947,2007,male,2022-07-13 16:29:29,,1,0,2023-03-18 11:02:54,4.64,140.24,멜로
948,2014,female,2023-08-05 22:23:19,,2,0,2023-08-07 19:42:24,1.94,125.98,코미디
949,1953,female,2023-11-23 02:47:23,2024-02-25 05:44:59,2,1,2024-01-13 19:47:28,2.87,20.49,판타지
950,1936,male,2024-01-20 06:40:52,2024-05-22 18:24:58,1,1,2024-04-19 16:52:12,1.88,140.89,액션
951,1956,female,2024-01-21 15:03:47,2024-03-08 05:46:51,2,1,2024-02-23 04:16:22,1.67,122.24,스포츠
952,2004,female,2024-06-24 11:21:24,2024-06-29 22:13:17,1,1,2024-06-26 10:18:17,2.18,81.2,SF
953,1958,male,2022-10-27 04:37:48,2023-02-12 21:09:44,1,1,2023-08-17 02:49:26,2.76,119.2,뮤지컬
954,1953,male,2022-07-11 12:01:14,,2,0,2024-05-03 22:55:02,2.58,125.46,액션
955,1948,female,2023-12-16 15:30:08,,1,0,2024-04-09 13:48:41,2.2,155.73,멜로
956,1970,male,2023-05-26 23:44:04,,0,0,2024-01-18 16:07:01,1.67,60.68,스포츠
957,1955,female,2024-03-01 03:33:59,,2,0,2024-05-16 05:26:46,0.77,104.34,스릴러
958,2008,male,2024-04-01 16:19:47,,1,0,2024-05-24 17:06:31,3.34,66.76,액션
959,1929,female,2023-02-17 11:32:04,,1,0,2024-04-23 17:40:56,2.19,77.33,범죄
960,2005,female,2024-05-19 02:31:44,2024-05-22 10:11:47,0,1,2024-06-27 03:45:06,1.63,88.52,범죄
961,2007,male,2023-07-01 19:56:02,2023-11-06 11:24:08,1,1,2024-03-27 03:12:21,3.28,59.6,판타지
962,1927,male,2023-02-20 06:56:14,,2,0,2023-08-08 21:59:02,3.15,95.11,코미디
963,1924,female,2023-05-04 11:04:17,2024-06-19 00:22:16,0,1,2024-01-06 04:02:33,5.89,132.29,스릴러
964,1984,male,2022-09-03 11:03:55,,0,0,2023-02-02 02:10:18,2.61,145.94,SF
965,1975,male,2023-03-01 21:46:53,,1,0,2024-02-01 04:46:50,2.1,81.89,음악
966,1954,male,2023-11-01 12:22:56,2024-01-07 22:21:40,1,1,2024-04-18 22:36:08,0.87,102.89,판타지
967,1979,male,2022-12-14 23:47:32,,2,0,2024-05-18 01:32:41,2.69,135.34,코미디
968,1932,male,2023-06-13 05:44:03,,2,0,2024-07-05 17:26:56,3.63,90.83,SF
969,1952,male,2023-04-19 09:26:28,,0,0,2023-09-27 05:48:18,1.47,92.73,판타지
970,2007,male,2023-09-15 21:27:07,,2,0,2024-02-14 09:29:11,1.84,117.09,액션
971,2010,female,2023-07-05 22:51:33,2024-01-05 06:55:34,1,1,2023-12-21 05:07:19,1.88,72.88,SF
972,2008,female,2024-05-30 14:29:49,2024-06-04 08:21:53,1,1,2024-06-23 02:03:04,2.96,139.88,범죄
973,2008,male,2024-06-11 21:52:20,,1,0,2024-07-05 08:46:16,3.33,38.63,범죄
974,2005,male,2023-03-20 04:53:50,,0,0,2023-04-22 10:12:51,3.39,67.08,코미디
975,2013,female,2023-01-08 09:24:58,2024-01-02 18:27:06,1,1,2023-04-01 21:31:17,2.78,100.56,판타지
976,2014,male,2022-11-11 10:51:18,2023-07-22 02:11:37,1,1,2023-07-21 23:12:04,3.67,53.43,SF
977,2013,female,2023-02-10 13:49:00,,2,0,2023-10-11 17:11:29,3.93,68.22,범죄
978,1935,female,2024-05-18 00:07:00,,1,0,2024-06-25 06:05:37,1.59,132.64,액션
979,1924,female,2023-11-16 02:08:16,2024-01-24 21:40:09,2,1,2024-02-02 00:15:03,2.9,98.26,스릴러
980,2008,female,2022-12-05 11:55:28,,1,0,2023-03-02 13:37:33,2.1,88.65,코미디
981,2006,female,2024-02-03 15:20:16,,2,0,2024-03-04 13:36:39,2.27,132.18,음악
982,2004,female,2023-05-20 01:31:14,,0,0,2024-02-22 21:26:29,1.9,110.19,멜로
983,1924,male,2024-03-24 23:28:20,,2,0,2024-06-06 18:11:00,2.31,123.78,SF
984,2005,male,2022-09-19 14:21:46,2022-12-24 03:33:50,1,1,2024-02-09 13:56:48,0.5,84.81,SF
985,2010,female,2023-10-10 05:35:16,2024-06-30 17:48:42,2,1,2023-12-01 22:54:48,2.6,114.08,스릴러
986,2014,male,2023-02-26 22:18:32,,1,0,2023-07-08 21:55:32,1.01,88.46,뮤지컬
987,1933,male,2024-03-07 23:01:50,2024-03-28 04:04:33,0,1,2024-04-04 16:26:05,4.08,99.38,멜로
988,2010,male,2024-03-08 19:44:37,2024-04-05 18:20:05,0,1,2024-03-27 05:20:39,2.16,121.35,액션
989,2010,male,2022-08-02 15:42:59,2023-03-09 21:02:04,2,1,2023-07-14 14:01:50,1.63,111.52,음악
990,1966,male,2022-11-20 07:47:58,2023-09-01 03:58:42,1,1,2024-06-11 08:33:34,2.15,165.53,스릴러
991,2013,female,2023-10-20 02:34:14,2024-01-06 03:19:07,1,1,2023-10-26 21:41:08,3.35,71.13,스포츠
992,1979,male,2022-10-07 04:32:18,2023-03-03 04:07:44,1,1,2023-02-18 15:27:47,5.04,58.2,코미디
993,2003,female,2022-07-29 11:27:43,2023-09-18 01:08:05,1,1,2022-09-12 08:38:32,2.73,29.83,판타지
994,2008,male,2023-01-08 09:41:37,2023-08-19 16:46:55,1,1,2023-05-27 10:37:26,0.25,70.53,판타지
995,1972,male,2023-03-16 21:35:28,2023-10-25 19:28:55,2,1,2023-04-17 06:40:06,1.16,149.09,전쟁
996,2004,male,2024-01-20 13:13:52,,2,0,2024-04-25 01:43:18,3.06,95.34,범죄
997,2008,female,2023-06-12 13:24:06,,2,0,2023-07-10 08:15:41,2.65,83.98,스포츠
998,1941,female,2022-12-25 02:15:22,2023-05-14 21:18:01,1,1,2023-06-16 18:04:45,2.67,143.49,SF
999,1941,female,2023-12-27 06:48:30,2024-01-12 20:16:03,1,1,2024-04-25 00:14:49,4.01,58.42,스포츠
1000,2014,male,2024-04-14 18:16:53,2024-06-10 15:22:10,2,1,2024-04-16 04:53:10,2.68,117.54,판타지
